堏摦巟墖,,,,,,,,,,,,,
帠嬈強斣崋,帠嬈強柤徧,帠嬈強揹榖斣崋,帠嬈強FAX斣崋,帠嬈強梄曋斣崋,帠嬈強強嵼抧,朄恖柤徧,庡偨傞懳徾幰丗恎懱,庡偨傞懳徾幰丗抦揑,庡偨傞懳徾幰丗惛恄,庡偨傞懳徾幰丗忈偑偄帣,巜掕擔,,
2769900974,朘栤夘岇側側偣,077-535-9016,077-535-9107,520-0113,戝捗巗嶁杮幍挌栚侾侾斣俆崋丂 ,姅幃夛幮幍悾,仜,仜,仜,仜,2018/12/01,,
2769900909,偟傒傫傆偔偟帬夑丂杒戝捗朘栤夘岇帠嬈強,077-574-2681,077-574-2682,520-0248,戝捗巗嬄栘偺棦搶俉挌栚侾侾亅侾俁丂 ,幮夛暉巸朄恖偟傒傫傆偔偟帬夑,仜,仜,仜,仜,2017/04/01,,
2769900867,抧堟惗妶僒億乕僩,0749-46-1503,0749-46-1504,527-0156,搶嬤峕巗忋拞栰挰俁俋俈丂 ,幮夛暉巸朄恖丂旤椫屛偺壠,仜,仜,仜,仜,2016/09/01,,
2764000184,儚僩僜儞偔傫夘岇僒乕價僗,06-6842-2250,06-6842-2215,560-0013,朙拞巗忋栰搶擇挌栚係斣侾俆崋丂 ,姅幃夛幮儚僩僜儞偔傫,仜,仜,仜,仜,2013/09/01,,
2764006991,朘栤夘岇偲傜乕側,06-4867-4283,06-4867-4284,560-0013,朙拞巗忋栰搶堦挌栚俀侾斣係俇崋丂 ,姅幃夛幮偲傜乕側,仜,仜,仜,仜,2016/09/01,,
2764006165,働傾俀侾朙拞,06-6857-0511,06-6857-0855,560-0022,朙拞巗杒嶗捤擇挌栚俁斣侾侾崋丂俰倄價儖俀侽侾,姅幃夛幮丂働傾俀侾,仜,仜,仜,仜,2022/12/01,,
2764000010,偱偁偄偺嫿,06-6855-7611,06-6855-7611,560-0026,朙拞巗嬍堜挰擇挌栚俋斣俀俁崋丂 ,摿掕旕塩棙妶摦朄恖丂偱偁偄偺嫿巗柉埾堳夛,,,,,2008/09/01,,
2764006504,僒儞夘岇僒乕價僗,06-6840-3633,06-6840-3623,560-0032,朙拞巗寀抮搶挰堦挌栚侾亅俀俀丂僨傿傾僴僀儉俀侽俆崋幒,桳尷夛幮僟僀僩僋,仜,仜,仜,仜,2019/11/01,,
2764007502,偁傜偨傑夘岇僗僥乕僔儑儞,06-6844-5168,06-6844-5107,560-0032,朙拞巗寀抮搶挰擇挌栚侾斣俀崋丂俽倀俶丒俽倀俶價儖俁侽侾崋幒,姅幃夛幮偁傜丒偨傑,仜,仜,仜,仜,2020/01/01,,
2764000176,僿儖僷乕僗僥乕僔儑儞俠俬俴朙拞,06-6840-8195,06-6840-8196,560-0033,朙拞巗寀抮拞挰俀亅俁亅侾亅俀侽俀丂,摿掕旕塩棙妶摦朄恖俠俬俴朙拞,,,,,2013/03/01,,
2764000382,僯僇,06-7172-2260,06-7175-6058,560-0036,朙拞巗澹抮惣挰堦挌栚俀俇斣俆崋丂僔儍儞僽儖償傿儔俀侽侾崋幒,姅幃夛幮俶俬俲俙,仜,仜,仜,仜,2024/05/01,,
2764000135,偍傂偝傑偺峎,06-6842-7691,06-6842-7691,560-0045,朙拞巗搧崻嶳係挌栚俆斣係崋丂,摿掕旕塩棙妶摦朄恖懛偺庤,,,,,2012/01/01,,
2764007825,俽倲倰倕倕倲,06-6676-7097,06-4866-5550,560-0046,朙拞巗愮棦墍嶰挌栚俇斣侾侽崋丂愮棦墍儅儞僔儑儞俠俀侽俀,崌摨夛幮傑傒乕,仜,仜,仜,仜,2024/01/01,,
2764000036,忈奞幰惗妶巟墖僗僥乕僔儑儞丒僜儗僀儐,06-6152-4780,06-6152-4771,560-0052,朙拞巗弔擔挰嶰挌栚侾斣係侾崋丂,幮夛暉巸朄恖丂朙拞偒傜傜暉巸夛,,,,,2008/09/01,,
2764000242,偙偙傠,06-7897-0172,06-7897-0172,560-0052,朙拞巗弔擔挰巐挌栚侾俈斣侾俀亅俀侽俁崋丂 ,崌摨夛幮丂偙偙傠,仜,仜,,,2015/06/01,,
2764007452,倐倧倲倛夘岇僗僥乕僔儑儞,06-6850-3300,06-6398-7020,560-0054,朙拞巗嶗偺挰嶰挌栚侾俈斣係亅係侽俁崋丂 ,崌摨夛幮僙僔儖,仜,仜,仜,仜,2022/03/01,,
2764007569,偑偠傘傑傞僿儖僷乕僗僥乕僔儑儞朙拞,06-6310-1701,06-6310-1702,560-0084,朙拞巗怴愮棦撿挰俀挌栚俆斣侾俇崋丂儗僗僷僗朙拞係侽俀崋幒,俢丏倣倷乫倱姅幃夛幮,仜,仜,仜,仜,2020/04/01,,
2764007767,朘栤夘岇俫俙俼倀,06-7777-0357,06-7777-0357,560-0084,朙拞巗怴愮棦撿挰俀挌栚俀斣俆崋丂儊僝儞僇乕僗僋俀侽俀崋,姅幃夛幮俥俹儅僓乕僘,仜,仜,仜,仜,2022/12/01,,
2764007593,傾僢僾儖働傾僗僥乕僔儑儞,06-7172-8130,06-7164-9072,561-0801,朙拞巗慮崻惣挰俁亅侾侽亅侾丂 ,傾僆僉儊僨傿僇儖働傾姅幃夛幮,仜,仜,仜,仜,2022/07/01,,
2764007445,嫃戭丒堏摦巟墖僒乕價僗俧俤俶俤,06-6152-5913,06-6152-5910,561-0802,朙拞巗慮崻搶挰榋挌栚侾俀斣侾侾崋丂 ,崌摨夛幮俧俤俶俤,仜,仜,仜,仜,2019/10/01,,
2764007643,傾僐乕儖,06-6866-5002,06-6866-5003,561-0802,朙拞巗慮崻搶挰榋挌栚侾侾斣俀崋丂儀儖僔儍儞僽儖戝塰,僴乕儌僯乕姅幃夛幮,仜,仜,仜,仜,2022/03/01,,
2764007163,朘栤夘岇偼偊傒戝嶃,06-6842-9766,06-6333-1997,561-0812,朙拞巗杒忦挰嶰挌栚侾斣俈崋丂儊僝儞惎塤侾侽俇,崌摨夛幮偼偊傒,仜,仜,仜,仜,2016/12/01,,
2764006744,暉巸僒乕價僗傇偆傔傜傫,06-6152-9858,06-6152-9859,561-0813,朙拞巗彫慮崻擇挌栚俇斣俀俆亅侾侽侾崋丂 ,桳尷夛幮楅栘惢嶌強,仜,仜,仜,仜,2019/12/01,,
2764000200,僨僈僕僃,06-6333-2252,06-6333-2226,561-0815,朙拞巗朙撿挰撿擇挌栚俇斣俁俆崋丂 ,崌摨夛幮僨僈僕僃,仜,仜,,仜,2014/07/01,,
2764000234,偙偽偲夘岇僗僥乕僔儑儞,06-6331-5810,06-6331-5811,561-0816,朙拞巗朙撿挰惣堦挌栚侾俇斣侾俀崋丂 ,姅幃夛幮丂儉儔僞,仜,仜,仜,仜,2014/12/01,,
2764007668,働傾僗僥乕僔儑儞偼傟偨,06-6335-4870,06-6335-4885,561-0816,朙拞巗朙撿挰惣巐挌栚俀斣係崋丂僿崋婜杒懁,姅幃夛幮倄俷俲俷,仜,仜,仜,仜,2022/07/01,,
2764000374,朘栤夘岇杮曑偨偮暉,06-6335-5501,06-6335-5502,561-0816,朙拞巗朙撿挰惣嶰挌栚俀侽斣俀侽亅俀俀崋丂 ,崌摨夛幮惗棿,仜,仜,仜,仜,2023/04/01,,
2764007916,僿儖僷乕僗僥乕僔儑儞偙偙傠傫,06-6676-7756,06-6676-7757,561-0816,朙拞巗朙撿挰惣嶰挌栚侾侽斣侾侽崋丂儐乕僉價儖俁侽侾崋幒,崌摨夛幮偙偙傠傫,仜,仜,仜,仜,2024/08/01,,
2764000044,價僕儑儞朘栤夘岇,06-6335-2350,06-6335-2351,561-0817,朙拞巗昹嶰挌栚侾俉斣俁亅侾崋丂 ,桳尷夛幮丂僴僢僺乕儔僀僼,仜,仜,仜,仜,2008/09/01,,
2764007940,働傾僗僥乕僔儑儞偊傒偄,090-3926-2299,06-6334-0790,561-0828,朙拞巗嶰榓挰擇挌栚侾斣俁亅俆侽俁崋丂 ,姅幃夛幮俛俼俬俧俫俿,仜,仜,仜,,2024/12/01,,
2764007015,偒偢側僿儖僷乕僗僥乕僔儑儞,06-6842-7671,06-6842-7672,561-0831,朙拞巗彲撪搶挰擇挌栚俀斣係崋丂僛僢僩價儖俁侽俆崋幒,姅幃夛幮鉐,仜,仜,仜,仜,2018/07/01,,
2764007650,値倎値倎働傾,06-6334-5727,06-6334-5722,561-0831,朙拞巗彲撪搶挰榋挌栚侾俁斣侾侽崋丂儔儃僐乕僩俀侽侾崋,崌摨夛幮俶倎俶倎丂倄倧倳倰倱丂俠倎倰倕丂俽倲倎倲倝倧値,仜,仜,仜,仜,2024/12/01,,
2764007775,朘栤夘岇乽傟傫偲乿,050-1722-4627,050-3488-1227,561-0831,朙拞巗彲撪搶挰屲挌栚侾侽斣俁俈崋丂僣僀儞僞儚乕係侽侾崋,崌摨夛幮傟傫偲,仜,仜,仜,仜,2025/08/01,,
2764006967,偄傠偼夘岇僗僥乕僔儑儞,06-7163-8788,06-7163-8788,561-0832,朙拞巗彲撪惣挰堦挌栚侾斣侾俋崋丂 ,僗僥儔崌摨夛幮,仜,仜,仜,仜,2016/02/01,,
2764007221,夘岇僒乕價僗丂偡偄偭偪,080-4438-9476,06-7635-7362,561-0832,朙拞巗彲撪惣挰擇挌栚俀俉斣侾俉崋丂傾僯僔乕僘侾侽侾崋幒,崌摨夛幮丂偡偄偭偪,仜,仜,仜,仜,2017/04/01,,
2764007700,傁傄傞偡,06-6335-1135,06-6335-1134,561-0832,朙拞巗彲撪惣挰巐挌栚俋斣俀侾崋侾侽侾丂 ,姅幃夛幮傁傄傞偡,仜,仜,,仜,2023/03/01,,
2764007338,偁偄働傾僒乕價僗,06-6332-0129,06-7506-9323,561-0833,朙拞巗彲撪岾挰巐挌栚侾俁亅俙丂寧岝儅儞僔儑儞俀崋幒,崌摨夛幮偁偄,仜,仜,仜,仜,2018/02/01,,
2764007601,僿儖僷乕僗僥乕僔儑儞偙偙傒偗偁,06-6151-9333,06-6335-5576,561-0833,朙拞巗彲撪岾挰擇挌栚侾俇斣侾俈崋丂 ,姅幃夛幮丂怱幚僋儕僄僀僩,仜,仜,仜,仜,2023/07/01,,
2764007981,巗楅,06-6333-0068, ,561-0835,朙拞巗彲杮挰堦挌栚侾侽斣俈崋丂 ,姅幃夛幮俬們倛倝俼倝値,仜,仜,仜,仜,2025/03/01,,
2764006983,桪怱丒働傾,06-6866-3668,06-6152-8338,561-0843,朙拞巗忋捗搰嶰挌栚俉斣俆崋丂 ,姅幃夛幮桪怱,仜,仜,仜,仜,2018/03/01,,
2764007353,僿儖僷乕僗僥乕僔儑儞婓朷偺岝,06-6862-5037,06-6862-5078,561-0846,朙拞巗棙憅搶俀亅俁亅俁亅俁俇丂 ,堦斒幮抍朄恖婓朷偺岝,仜,仜,仜,仜,2021/05/01,,
2764000051,榓壒夘岇僒乕價僗帠嬈強,06-6865-6600,06-6865-6601,561-0852,朙拞巗暈晹杮挰堦挌栚俈斣侾係崋丂,僴乕儌僯乕丂姅幃夛幮,,,,,2008/09/01,,
2764000093,夘岇巟墖僙儞僞乕儌僋儌僋,06-6848-6608,06-6333-1997,561-0852,朙拞巗暈晹杮挰俀亅俇亅侾俈丂,崌摨夛幮栘栘,,,,,2011/02/01,,
2764000085,栰揷僿儖僷乕僗僥乕僔儑儞傐偭偐傐偐,06-4867-9311,06-4867-9312,561-0855,朙拞巗栰揷挰侾亅俀侽丂,姅幃夛幮傐偭偐傐偐,,,,,2010/07/01,,
2764006090,備偆備偆僩儔僀,06-7504-1150,06-7504-5196,561-0858,朙拞巗暈晹惣挰擇挌栚俆斣俋崋丂 ,堦斒幮抍朄恖備偆備偆俿倰倷,仜,仜,仜,仜,2016/11/01,,
2764006223,夘岇巟墖僙儞僞乕僌儘乕儕乕,06-6863-6888,06-6863-6888,561-0859,朙拞巗暈晹朙挰擇挌栚侾俇斣俀俉崋丂 ,姅幃夛幮僕儍僷儞丒僌儘乕儕乕,仜,仜,仜,仜,2017/09/01,,
2764007379,偁偄傞,06-4866-6961,06-4866-6962,561-0859,朙拞巗暈晹朙挰侾挌栚侾侾斣俁崋丂朙挰償傿儔侾侽侾崋,崌摨夛幮俽倝倕倗,仜,仜,仜,仜,2021/02/01,,
2764007692,僒儃僥儞僒乕價僗,06-6335-7408,050-1433-0193,561-0874,朙拞巗挿嫽帥撿巐挌栚俁斣俁侾崋丂僌儔儞儀僈椢抧岞墍俀侽俀崋幒,崌摨夛幮僒儃僥儞,仜,仜,仜,仜,2022/08/01,,
2764000192,鉐俀係,06-6836-9261,06-6836-9262,561-0875,朙拞巗挿嫽帥杒嶰挌栚俀斣俁崋丂暈晹椢抧侾斣娰俀奒,姅幃夛幮丂儕僋儕僄僀僩,仜,仜,仜,仜,2014/05/01,,
2764006876,働傾儔僀僼偝偔傜偯偐,06-6846-0888,06-6846-0887,561-0881,朙拞巗拞嶗捤擇挌栚俁侾斣侾俀崋丂 ,働傾儔僀僼偝偔傜偯偐姅幃夛幮,仜,仜,仜,仜,2019/07/01,,
2764007528,偍偪傖偺偙嵤嵤,080-5304-2005,06-6848-7506,561-0893,朙拞巗曮嶳挰侾俁亅俀丂曮儅儞僔儑儞侾侽俆崋,姅幃夛幮嵤怱,仜,仜,仜,仜,2019/10/01,,
2761400031,傐偗偭偲,072-720-7311,072-720-7312,562-0001,枼柺巗枼柺嶰挌栚侾俆斣侾俁崋丂 ,堦斒幮抍朄恖傜傫傉,仜,仜,,仜,2015/06/01,,
2761404025,僄儖働傾姅幃夛幮僄儖働傾枼柺働傾僙儞僞乕,072-720-5517,072-720-5518,562-0003,枼柺巗惣彫楬嶰挌栚侾斣侾侾崋丂僲乕僗儊僀僾儖枼柺俀侽俁崋,僄儖働傾丂姅幃夛幮,仜,仜,仜,仜,2020/03/01,,
2761400163,僄乕儖儔僀儞働傾僒億乕僩,070-6506-5670,072-746-8835,562-0015,枼柺巗堫擇挌栚侾侽亅侾俇丂 ,崌摨夛幮僄乕儖,仜,仜,仜,仜,2022/04/01,,
2761400171,僠傾僼儖,072-737-9111,072-737-9099,562-0015,枼柺巗堫擇挌栚侾侾斣侾俀崋丂 ,姅幃夛幮僠傾僼儖,仜,仜,仜,仜,2026/01/01,,
2761400023,僿儖僷乕僗僥乕僔儑儞傎偔偲,072-737-6285,072-737-6286,562-0025,枼柺巗埦惗奜堾堦挌栚侾俆斣俀俇崋丂僞僂儞僐乕僩侾侽俀崋,桳尷夛幮僀僼,仜,仜,仜,仜,2015/02/01,,
2761400049,偁偠偝偄枼柺働傾僙儞僞乕,072-720-7617,072-720-5506,562-0041,枼柺巗嶗屲挌栚侾侽斣侾俀崋丂 ,桳尷夛幮丂偁偠偝偄,仜,仜,仜,仜,2017/01/01,,
2761604236,僿儖僷乕僒乕價僗椓晽,072-703-6370,072-703-6371,562-0041,枼柺巗嶗巐挌栚侾亅俁俀丂 ,姅幃夛幮傾乕僗儅僀儞僪,仜,仜,仜,仜,2019/09/01,,
2761404058,僒億乕僩儀乕僗檢丒枼柺,072-720-5568,072-720-5569,562-0044,枼柺巗敿挰擇挌栚俀斣俁俁崋丂嵅乆栘價儖俀俥,崌摨夛幮抦屓,仜,仜,仜,仜,2022/03/01,,
2762500029,僂僃儖僇儉,072-752-6660,072-752-7690,563-0047,抮揷巗幒挰俀斣侾侽崋丂,摿掕旕塩棙妶摦朄恖墢擇堦,,,,,2012/03/01,,
2762500037,働傾僼儕乕嫃戭夘岇帠嬈強,072-751-2290,072-751-2304,563-0056,抮揷巗塰挰俇挌栚俇斣丂僉儍僺僞儖僴僂僗塰挰俀侽俁崋,桳尷夛幮丂働傾僼儕乕,,,,,2013/05/01,,
2764700122,側側偄傠夘岇僒乕價僗朙擻,072-736-8518,072-736-8520,563-0103,朙擻孲朙擻挰搶偲偒傢戜榋挌栚係斣俆崋丂 ,姅幃夛幮儕儀儔儖夘岇僒乕價僗,仜,仜,仜,仜,2024/01/01,,
2764700015,幮夛暉巸朄恖擻惃挰幮夛暉巸嫤媍夛儂乕儉僿儖僾僒乕價僗,072-734-0770,072-734-2623,563-0341,朙擻孲擻惃挰廻栰侾侾係丂,幮夛暉巸朄恖丂擻惃挰幮夛暉巸嫤媍夛,,,,,2008/09/01,,
2761600275,僿儖僾僙儞僞乕傉偔傉偔,06-6105-9004,06-6105-9014,564-0002,悂揷巗娸晹拞堦挌栚俀俉斣侾俀崋丂 ,幮夛暉巸朄恖丂傉偔傉偔暉巸夛,仜,仜,仜,仜,2017/04/01,,
2761600069,僿儖僷乕僗僥乕僔儑儞偪偄偝側庤,06-6319-2227,06-6319-2212,564-0011,悂揷巗娸晹撿堦挌栚俀侾斣俈崋丂,桳尷夛幮丂旤嫿,,,,,2008/09/01,,
2761600184,嫃戭夘岇帠嬈強偝傫偄偪,06-6170-9061,06-6170-9062,564-0026,悂揷巗崅昹挰俋斣俀崋丂拞墰價儖俠亅侾崋幒,摿掕旕塩棙妶摦朄恖偝傫偝傫,仜,仜,仜,仜,2011/10/01,,
2761600242,偐偑傗偒朘栤夘岇僒乕價僗,06-6318-1881,06-6318-1888,564-0027,悂揷巗挬擔挰俀俁斣侾係崋丂 ,姅幃夛幮婸儂乕儖僨傿儞僌僗,仜,仜,仜,仜,2014/04/01,,
2761600127,僒億乕僩儀乕僗檢,06-6381-5175,06-6381-5176,564-0032,悂揷巗撪杮挰嶰挌栚侾斣俆崋丂 ,崌摨夛幮抦屓,,,,,2009/05/01,,
2761600325,偍偨偑偄偝傑嬩妝晹悂揷帠嬈強,06-6155-9057,06-6155-9067,564-0032,悂揷巗撪杮挰俀挌栚俀斣俀俋崋丂俧俽僐乕僩撪杮挰侾侽侾崋幒,偍偨偑偄偝傑嬩妝晹崌摨夛幮,仜,仜,仜,仜,2019/06/01,,
2761600010,傾乕儖夘岇僒乕價僗僗僥乕僔儑儞,06-6170-3535,06-6170-3433,564-0036,悂揷巗庻挰擇挌栚侾俆斣侾崋丂廏岾價儖俀奒,姅幃夛幮倄倧倳丂俬,仜,仜,仜,仜,2008/09/01,,
2761600200,僿儖僷乕僗僥乕僔儑儞僩僷乕僘,06-6338-8081,06-6338-8081,564-0041,悂揷巗愹挰屲挌栚侾斣侾崋丂戝岾價儖俀侽俇崋,姅幃夛幮僊僨僆儞,,,,,2013/07/01,,
2761600333,偝偔傜偦偆悂揷,06-6192-7005,06-6192-7006,564-0041,悂揷巗愹挰堦挌栚俀俁斣抧侾俆崋丂戞敧娭崻儅儞僔儑儞俀侽侾崋幒,姅幃夛幮擔杮僄儖僟儕乕働傾僒乕價僗,仜,仜,仜,仜,2020/01/01,,
2761600093,働傾俀侾悂揷,06-6192-8220,06-6192-8221,564-0044,悂揷巗撿嬥揷擇挌栚係斣侾俇崋丂,姅幃夛幮丂働傾俀侾,仜,仜,仜,仜,2008/09/01,,
2761600135,働傾僙儞僞乕偄傢傒,06-6337-7200,06-6337-7270,564-0044,悂揷巗撿嬥揷擇挌栚俈斣俀俇崋丂 ,姅幃夛幮僐儞僩儗僀儖,仜,仜,仜,仜,2009/09/01,,
2761604194,偁傕傞働傾僒乕價僗,06-7897-8647,06-7897-8648,564-0044,悂揷巗撿嬥揷擇挌栚侾係斣係亅侾崋丂 ,姅幃夛幮丂傾儌儖,仜,仜,仜,仜,2016/03/01,,
2761600283,儂乕儉僿儖僾僒乕價僗僷儚乕,06-6192-8008,06-6192-8009,564-0052,悂揷巗峀幣挰俁斣俀俋崋丂僄僢僌價儖戞嶰峕嶁俇侽係,姅幃夛幮僩儗僢僪傾乕僗,仜,仜,仜,仜,2017/04/01,,
2761600465,僿儖僷乕僗僥乕僔儑儞俠倎倰値倕倢倝倎値,06-6170-4429,06-6170-4429,564-0062,悂揷巗悅悈挰嶰挌栚侾俇斣俁俋崋丂僌儔儞僩僅乕僞僗俀侾侾崋幒,崌摨夛幮俠倎倰値倕倢倝倎値,仜,仜,仜,仜,2021/02/01,,
2761600226,偁乕偡,06-6386-9108,06-6386-9120,564-0063,悂揷巗峕嶁挰堦挌栚俇斣俉崋丂嶰岟價儖侾侽侽,僔儞僙僀奐敪姅幃夛幮,仜,仜,仜,仜,2013/08/01,,
2761600499,偁偞傜偟嫃戭夘岇,080-8911-5411,06-7732-8088,564-0073,悂揷巗嶳庤挰嶰挌栚俀俋亅俁侽亅俁侽俀丂 ,崌摨夛幮俹俼俷俽俷俴,仜,仜,仜,仜,2024/12/01,,
2761600176,垽僥儗僒僿儖僷乕僗僥乕僔儑儞,06-6339-2326,06-6369-7148,564-0082,悂揷巗曅嶳挰侾亅俀俇亅俉丂,僥儗僒柇噴,,,,,2011/08/01,,
2761604178,働傾僗僥乕僔儑儞偁偄偆偊偍,06-6386-0101,06-6339-7730,564-0082,悂揷巗曅嶳挰巐挌栚俀俈斣俁俀崋丂 ,姅幃夛幮丂偁偄偆偊偍,仜,仜,仜,仜,2016/05/01,,
2761600051,僿儖僷乕僗僥乕僔儑儞億億儘,06-6339-3350,06-6339-6001,564-0082,悂揷巗曅嶳挰巐挌栚俁俉斣俁俇亅侾崋俀奒丂 ,摿掕旕塩棙妶摦朄恖丂儂僢偲,仜,仜,仜,仜,2008/09/01,,
2761604293,俲僼傽乕僗僩,06-4798-5012,06-4798-5013,565-0821,悂揷巗嶳揷搶堦挌栚侾俉斣侾侽崋丂儊僝儞丒僪丒儗僾儕僒乕僕儏俀侽俇崋,姅幃夛幮儐乕僫,仜,仜,仜,仜,2019/05/01,,
2761600036,摿掕旕塩棙妶摦朄恖帺棫惗妶僙儞僞乕丒俥俼俤俤,06-4860-8766,06-4860-8767,565-0821,悂揷巗嶳揷搶擇挌栚係俁斣俇崋俁奒丂 ,摿掕旕塩棙妶摦朄恖帺棫惗妶僙儞僞乕丒俥俼俤俤,仜,仜,仜,仜,2008/09/01,,
2761600218,働傾僗僥乕僔儑儞偁傝偡,06-6816-8113,06-6816-8105,565-0824,悂揷巗嶳揷惣嶰挌栚俀侾斣侾係崋丂,姅幃夛幮僄僫僕乕儚儞,,仜,仜,仜,2013/07/01,,
2761604442,僿儖僷乕僗僥乕僔儑儞悂揷偺晽,06-6816-7001,06-6816-7009,565-0824,悂揷巗嶳揷惣堦挌栚俀斣俀俈崋丂乮侾侽侾乯,姅幃夛幮俠倀俼俙,仜,仜,仜,仜,2025/08/01,,
2761604210,乽傜傫傉乿夘岇僒乕價僗僙儞僞乕,06-6836-8588,06-6836-8688,565-0832,悂揷巗屲寧偑媢撿俀俉斣俀俇崋丂侾倱倲價儖丂俀俥,桳尷夛幮丂柧摂,仜,仜,仜,仜,2016/11/01,,
2761600259,僿儖僷乕僗僥乕僔儑儞丂悂揷偺晽,06-6816-7001,06-6816-7009,565-0834,悂揷巗屲寧偑媢杒侾俁斣侾崋丂 ,姅幃夛幮僓丒働傾,仜,仜,仜,仜,2015/07/01,,
2761600291,偄偮偒夘岇巟墖僙儞僞乕,06-6155-7552,06-6155-7504,565-0841,悂揷巗忋嶳庤挰俉亅係亅侾侽侾丂 ,姅幃夛幮僀僣僉,仜,仜,仜,仜,2017/04/01,,
2761600481,幮夛暉巸朄恖塸朏夛僿儖僷乕僗僥乕僔儑儞乽僒僯乕乿,06-6871-2113,06-6871-2134,565-0874,悂揷巗屆峕戜榋挌栚俀斣俇崋丂 ,幮夛暉巸朄恖塸朏夛,仜,仜,仜,,2021/12/01,,
2763700032,夘岇僙儞僞乕僪儕乕儉,072-622-1452,072-622-1452,566-0011,愛捗巗愮棦媢搶俀挌栚係斣侾俈崋丂僇儖儉愮棦媢侾侽侾,姅幃夛幮僴乕僩,,,,,2011/03/01,,
2763700065,夘岇偼偆偡傄偊傠,06-6317-1311,06-6317-1311,566-0023,愛捗巗惓悵俁挌栚俈斣侾俁崋丂,姅幃夛幮傏傫偺晽,,,,,2012/02/01,,
2763704034,俢倧亅俼倕亅俵倝丒們倎倰倕,06-6829-7467,06-6829-7397,566-0023,愛捗巗惓悵嶰挌栚俈斣侾俁崋丂 ,崌摨夛幮垽傟傫憐,仜,仜,仜,仜,2026/04/01,,
2763700040,僿儖僷乕僗僥乕僔儑儞愛捗偺晽,072-663-1010,072-663-1011,566-0033,愛捗巗妛墍挰侾挌栚俀斣俁侾崋丂 ,姅幃夛幮僓丒働傾,仜,仜,仜,仜,2011/06/20,,
2763700073,働傾僙儞僞乗壺愛捗,072-634-5323,072-634-5380,566-0034,愛捗巗崄業墍侾俀斣俀俇崋丂敧廎儅儞僔儑儞侾侽俆崋,姅幃夛幮丂俵俲俼,,,,,2013/07/01,,
2763700024,僉僥傿乕杒戝嶃,06-6827-2600,06-6827-2600,566-0046,愛捗巗暿晎俁亅侾俋亅俇丂僷乕僋僒僀僪暿晎侾侽侾崋,姅幃夛幮丂傾僾儘乕僠,,,,,2011/01/01,,
2763700222,儕僗僞乕僩,072-653-2332,06-7732-3919,566-0063,愛捗巗捁帞柫栘挰侾斣係侽崋丂愇晉價儖侾乕俠,姅幃夛幮俼倕倱倲倎倰倲,仜,仜,仜,仜,2021/04/01,,
2763700248,嫃戭丒朘栤夘岇偮側偖偺庬,072-646-9852,072-646-9853,566-0064,愛捗巗捁帞拞嶰挌栚侾斣俁俆崋丂 ,姅幃夛幮嶰嫤揹嵽惢嶌強,仜,仜,仜,仜,2023/07/01,,
2763700107,朘栤夘岇側側偄傠,072-648-5997,072-648-5998,566-0072,愛捗巗捁帞惣巐挌栚俁斣侾俀崋丂侾奒,姅幃夛幮側側偄傠,仜,仜,仜,仜,2019/02/01,,
2764200107,傾僋傾働傾僙儞僞乕,072-623-3230,072-623-3230,567-0025,堬栘巗揷拞挰侾斣侾俈崋丂堬栘儊僝儞俶俬俽俫俬侾侽侾崋,桳尷夛幮丂倎倫倱倎倰倎丂倝値們丏,仜,仜,仜,仜,2013/03/01,,
2764200024,摿掕旕塩棙妶摦朄恖傆傟偁偄傐偭傐,072-627-8903,072-627-8923,567-0036,堬栘巗忋曚愊俀亅侾亅侾侽丂 ,摿掕旕塩棙妶摦朄恖傆傟偁偄傐偭傐,仜,仜,仜,仜,2010/02/01,,
2764200289,俈倐倰倝倓倗倕,072-647-6214,072-647-6952,567-0041,堬栘巗壓曚愊擇挌栚係斣俁俀崋丂 ,姅幃夛幮傾償僯乕儖,仜,仜,仜,仜,2021/07/01,,
2764200016,傎偔偣偮俀係,072-638-1466,072-638-1633,567-0824,堬栘巗拞捗挰俁斣俀俇崋丂,俶俹俷朄恖帺棫惗妶僙儞僞乕傎偔偣偮俀係,仜,仜,仜,仜,2008/09/01,,
2764200271,僿儖僷乕僗僥乕僔儑儞丂俙亅俶俙倁俬,072-657-9202,072-657-9202,567-0849,堬栘巗暯揷戜侾俀斣侾俉崋丂俀奒,崌摨夛幮僼僢僩僗僥僢僾,仜,仜,仜,仜,2020/12/01,,
2764200073,僒儞儔僀僼,072-628-4609,072-628-4204,567-0852,堬栘巗彫桍挰侾俀亅侾俇丂,慜暉嶻嬈姅幃夛幮,,,,,2011/12/01,,
2764200149,偑偠傘傑傞僿儖僷乕僗僥乕僔儑儞堬栘,072-652-5025,072-652-5026,567-0854,堬栘巗搰擇挌栚侾俀斣俀崋丂 ,俢丏倣倷乫倱姅幃夛幮,仜,仜,仜,仜,2015/07/01,,
2764200164,偄偽傜偒帺棫巟墖僙儞僞乕傐傐傫偑傐傫,072-623-9205,072-623-9203,567-0888,堬栘巗墂慜堦挌栚係亅侾係丂僄僗僥乕僩堬栘墂慜俁奒,幮夛暉巸朄恖傐傐傫偑傐傫,仜,仜,仜,仜,2018/04/01,,
2764200305,働傾俀侾堬栘墂慜,072-621-2578,072-621-2616,567-0888,堬栘巗墂慜嶰挌栚侾斣俁崋丂搶怢價儖俁侽俀崋,姅幃夛幮丂働傾俀侾,仜,仜,仜,仜,2026/05/01,,
2764204026,働傾俀侾堬栘,072-630-3621,072-638-5721,567-0891,堬栘巗悈旜堦挌栚侾係斣俆崋丂 ,姅幃夛幮丂働傾俀侾,仜,仜,仜,仜,2026/05/01,,
2760900023,摿掕旕塩棙妶摦朄恖帺棫巟墖僙儞僞乕偨偐偮偒,072-672-1294,072-672-1294,569-0082,崅捨巗柧栰挰侾侽亅侾俆丂傉傝傫偣偡柧栰,摿掕旕塩棙妶摦朄恖丂帺棫巟墖僙儞僞乕偨偐偮偒,,,,,2008/09/01,,
2760900445,僿儖僷乕僗僥乕僔儑儞偺傏傝傫,072-669-9217,072-669-9230,569-0804,崅捨巗嵁壆挰俉斣俁侾崋丂俲俀係價儖丂俆俙,崌摨夛幮倄俷俼俷倅倀壆,仜,仜,仜,仜,2025/03/01,,
2760900247,傆傠傫偰偂偁,072-690-0553,072-668-1600,569-0825,崅捨巗塰挰巐挌栚侾俆斣侾崋丂儘僀儎儖嬇俀侽俇崋幒,姅幃夛幮擔杮幮夛暉巸憤崌尋媶強,仜,仜,仜,仜,2019/03/01,,
2760904017,僿儖僷乕僗僥乕僔儑儞丂崅捨偺晽,072-668-5766,072-668-5765,569-0826,崅捨巗庻挰嶰挌栚俁斣侾係崋丂 ,姅幃夛幮僜儚儞,仜,仜,仜,仜,2017/03/01,,
2760900031,帺棫僙儞僞乕慜曚,072-689-8600,072-689-8900,569-1022,崅捨巗擔媑戜堦挌栚俀侾斣侾俉崋丂,桳尷夛幮丂慜曚,,,,,2008/09/01,,
2760900437,崌摨夛幮偙偆偺偲傝働傾,072-658-8481,072-689-3411,569-1029,崅捨巗埨壀帥挰係亅俁亅侾俆丂 ,崌摨夛幮偙偆偺偲傝働傾,仜,仜,仜,,2021/06/01,,
2760900056,抧堟惗妶巟墖僙儞僞乕傜偄偲,072-686-2116,072-686-5822,569-1121,崅捨巗恀忋挰擇挌栚俁斣俀俁崋丂 ,幮夛暉巸朄恖丂戝嶃暉巸帠嬈嵿抍,仜,仜,仜,仜,2008/09/01,,
2763200512,傂偩傑傝朘栤夘岇,06-6993-8630,06-6993-8640,570-0006,庣岥巗敧塤惣挰堦挌栚俀俈斣侾俉崋丂 ,堦斒幮抍朄恖偁備傒暉巸夛,仜,仜,仜,仜,2023/09/01,,
2763200488,傢偐傝偰僿儖僷乕僗僥乕僔儑儞嶗,06-6992-0697,06-6998-6633,570-0008,庣岥巗敧塤杒挰嶰挌栚俁俋斣俉崋丂 ,幮夛暉巸朄恖丂楬岎娰,仜,仜,仜,仜,2022/11/01,,
2763200496,杒戝嶃傟傫偘働傾僙儞僞乕,06-4397-7071,06-4397-7081,570-0008,庣岥巗敧塤杒挰堦挌栚俀斣侾侽亅侾侽侾崋丂 ,堛椕朄恖楡壺桭垽夛,仜,仜,仜,仜,2022/12/01,,
2763200074,僸儏乕儅儞僱僢僩儚乕僋僸儅儚儕俀侾,06-6901-7911,06-6901-7913,570-0014,庣岥巗摗揷挰巐挌栚侾斣侾俋崋丂,姅幃夛幮丂傾僩僋僗僐儉,,,,,2008/09/01,,
2763200470,朘栤夘岇僗僥乕僔儑儞俷値倕倱倲倕倫,06-6991-9722,06-6991-9733,570-0021,庣岥巗敧塤搶挰堦挌栚俈斣侾侾崋丂僂僀儞僪僸儖庣岥俀侽俀崋,崌摨夛幮俷値倕丂倱倲倕倫,仜,仜,仜,仜,2022/10/01,,
2763200546,僆乕儖働傾丒儂乕儉僒億乕僩,06-6994-1600,06-6967-8383,570-0032,庣岥巗媏悈捠巐挌栚侾侽斣侾俁崋丂僾儘儉僫乕僪媏悈係侽俈崋幒,姅幃夛幮僆乕儖働傾丒僒億乕僩,仜,仜,仜,仜,2024/09/01,,
2763200322,僒儞僒乕儔,06-6780-4513,06-6780-4513,570-0035,庣岥巗搶岝挰堦挌栚俉斣俉崋俁侽侾崋丂 ,僸儘僞惢嶌強姅幃夛幮,仜,仜,仜,仜,2017/02/01,,
2763200256,夘墖戉,06-6995-6100,06-6995-6011,570-0042,庣岥巗帥曽嬔捠擇挌栚俆斣侾係崋丂 ,姅幃夛幮僗儅僀儖丒俋,仜,仜,仜,仜,2014/10/01,,
2763200264,僀儞僾儗僢僔儑儞僒乕價僗,06-6994-9550,06-6994-9552,570-0048,庣岥巗帥曽杮捠嶰挌栚俆斣俇崋丂 ,崌摨夛幮僀儞僾儗僢僔儑儞僒乕價僗,仜,仜,仜,仜,2014/11/01,,
2763200298,夘岇僙儞僞乕丂俛俙俲倀,06-6998-5673,06-6998-5674,570-0048,庣岥巗帥曽杮捠嶰挌栚俈斣侾俇崋丂 ,桳尷夛幮丂俲乫倱,仜,仜,仜,仜,2016/06/01,,
2763200330,僿儖僷乕僗僥乕僔儑儞儗僆,06-6914-4550,06-6914-4330,570-0053,庣岥巗崅悾挰堦挌栚俉斣侾俋崋丂 ,崌摨夛幮俵俽俲,仜,仜,仜,仜,2017/02/01,,
2763200454,僴儘乕,06-6997-6531,06-6997-6520,570-0062,庣岥巗攏応挰嶰挌栚侾係斣俇崋丂儊僝儞僄儈乕儖俈侽侾崋,崌摨夛幮僴儘乕,仜,仜,仜,仜,2021/07/01,,
2763200215,揤巊偺塇崻僿儖僷乕僗僥乕僔儑儞,06-6997-7272,06-6997-7273,570-0071,庣岥巗廽挰俇斣俁崋丂,桳尷夛幮丂揤巊偺塇崻,,,,,2012/11/01,,
2763200157,働傾僙儞僞乕偮傓偓,06-6992-0810,06-6992-0880,570-0072,庣岥巗憗昪挰俈亅侾俆丂,姅幃夛幮僆乕僞儉僴乕僩,,,,,2010/04/08,,
2763200504,們倧丏們倧丏倰倧丏働傾僒億乕僩,06-6997-6556,06-6997-6557,570-0073,庣岥巗搚嫃挰俆斣侾崋丂偄偢偑傒儅儞僔儑儞俁侾俀崋幒,姅幃夛幮俠倧丏俠倧丏俼倧僀僀僀儘,仜,仜,仜,仜,2022/12/01,,
2763200447,朘栤夘岇婓朷偺岝,06-6993-2066,06-6993-2077,570-0074,庣岥巗暥墍挰俈亅侾侾亅俀侽斣丂俥,姅幃夛幮垽,仜,仜,仜,仜,2020/04/01,,
2763200181,偁偄働傾朘栤夘岇僗僥乗僔儑儞,06-6997-7200,06-6997-7201,570-0078,庣岥巗暯戙挰俆斣侾俁崋丂,姅幃夛幮偁偄働傾,,,,,2012/04/01,,
2763200108,偆偂偢僒億乕僩僙儞僞乕庣岥,06-6996-1715,06-6996-1745,570-0079,庣岥巗嬥壓挰堦挌栚俇斣侾侽崋丂 ,幮夛暉巸朄恖丂楬岎娰,仜,仜,仜,仜,2008/09/01,,
2763200207,儂乕儉僿儖僷乕僗僥乕僔儑儞丂僄償傽庣岥,06-6995-3580,06-6995-3581,570-0079,庣岥巗嬥壓挰侾亅侾侾亅侾侾丂,桳尷夛幮丂傾僞儔僔僐乕億儗乕僔儑儞,,,,,2012/10/01,,
2763200272,夘岇僗僥乕僔儑儞偔傜傜,06-6998-6333,06-6998-6388,570-0079,庣岥巗嬥壓挰堦挌栚俀斣侾崋丂搚嫃儅儞僔儑儞侾俥,姅幃夛幮僺儏傾儔僀僼,仜,仜,仜,仜,2014/12/01,,
2763200025,僗僶儖丒僒億乕僩僼傽僋僩儕乕傕傝偖偪,06-4250-4581,06-4250-4587,570-0081,庣岥巗擔媑挰擇挌栚侾係斣俀崋丂 ,僗僶儖丒僩乕僞儖僾儔儞僯儞僌丂姅幃夛幮,,,,,2008/09/01,,
2763200066,働傾俀侾庣岥,06-6995-6277,06-6995-6278,570-0083,庣岥巗嫗嶃杮捠堦挌栚俁斣俀崋丂庣岥晉巑價儖係俥,姅幃夛幮丂働傾俀侾,仜,仜,仜,仜,2008/09/01,,
2763200520,僿儖僷乕僗僥乕僔儑儞僄儉,06-4304-4700,06-4304-4711,570-0083,庣岥巗嫗嶃杮捠堦挌栚俉斣俀俈崋丂儔僼傿乕僰懢巕嫶侾侽侾,姅幃夛幮僄儉,仜,仜,仜,仜,2023/11/01,,
2763200058,幮抍朄恖庣岥巗僔儖僶乕恖嵽僙儞僞乕,06-6998-3601,06-6998-3659,570-0097,庣岥巗搷挰俁斣俁侽崋丂,幮抍朄恖丂庣岥巗僔儖僶乕恖嵽僙儞僞乕,,,,,2008/09/01,,
2762600191,夘岇僗僥乕僔儑儞倕亅僗儅僀儖,072-803-7383,072-803-7382,571-0011,栧恀巗榚揷挰侾俈斣俇崋丂 ,崌摨夛幮儔儞僴乕僩,仜,仜,仜,仜,2021/11/01,,
2762600233,傎偄傒僿儖僷乕僗僥乕僔儑儞,072-392-9962,072-392-9962,571-0011,栧恀巗榚揷挰俀係斣侾俇崋丂 ,崌摨夛幮俠倎倣倫倛倧倰丂俿倰倕倕,仜,仜,仜,仜,2024/08/01,,
2762600241,働傾僗僥乕僔儑儞梲偩傑傝,072-395-1377,072-395-1345,571-0021,栧恀巗廙揷挰俀斣侾亅侾侾崋丂 ,崌摨夛幮鄪塱,仜,仜,仜,仜,2024/10/01,,
2762600217,僄儖働傾姅幃夛幮丂僄儖働傾栧恀働傾僙儞僞乕,06-4252-7785,06-4252-7786,571-0030,栧恀巗枛峀挰俁俆斣俇崋丂僾儗儈乕儖僐乕僩侾侽俀崋,僄儖働傾丂姅幃夛幮,仜,仜,仜,仜,2022/11/01,,
2762600225,傐傐夘岇僗僥乕僔儑儞,072-813-9403,072-814-6536,571-0037,栧恀巗傂偊搰挰侾俉斣侾俉崋丂 ,姅幃夛幮曕曕,仜,仜,仜,仜,2023/08/01,,
2762600068,僿儖僷乕僗僥乕僔儑儞偔傞傝傫,06-6991-9031,06-6991-9032,571-0048,栧恀巗怴嫶挰俁侾亅俀俉丂暯栰儅儞僔儑儞搹侾奒揦曑塃崋幒,姅幃夛幮巌,,,,,2010/04/01,,
2763200132,偒偢側,06-6900-6144,06-6900-6144,571-0052,栧恀巗寧弌挰俇斣俁係崋丂僒僯乕僴僀僣崻忋侾侽俀崋幒,姅幃夛幮怱垽,,,,,2009/03/01,,
2762600050,夘岇僗僥乕僔儑儞傢偐偽,06-6907-7977,06-6907-7988,571-0052,栧恀巗寧弌挰俇亅俁俆丂,桳尷夛幮働僀傾僀僐乕億儗乕僔儑儞,,,,,2008/10/01,,
2762604011,捽,072-888-9200,072-397-3062,571-0061,栧恀巗挬擔挰俀俁斣係崋丂僇儖僠僃丒僟儉乕儖俠搹侾侽侾崋幒,姅幃夛幮僆乕儖僗僞乕,仜,仜,仜,仜,2025/01/01,,
2762600084,僿儖僷乕僗僥乕僔儑儞庽,072-813-5522,072-813-5556,571-0079,栧恀巗栰棦挰侾俉斣俁崋丂 ,姅幃夛幮庽,仜,仜,仜,仜,2017/03/01,,
2760300067,桙偟埩,072-825-1360,072-825-1370,572-0015,怮壆愳巗愳彑挰俈斣俀係崋丂,姅幃夛幮丂桙偟埩,,,,,2008/09/01,,
2760300018,棽岝妛墍乬婸偒乭僗僥乕僔儑儞,072-837-0101,072-837-0102,572-0018,怮壆愳巗嫬嫶挰俀俈斣俇崋丂,幮夛暉巸朄恖丂岝婸夛,,,,,2008/09/01,,
2760300042,俶俹俷朄恖擔杮僼傽儈儕乕嫤夛偄偙偄偺棦,072-802-9090,072-802-9091,572-0018,怮壆愳巗嫬嫶挰侾斣俀俈崋丂戝嶌價儖俁侽俆崋,摿掕旕塩棙妶摦朄恖丂擔杮僼傽儈儕乕嫤夛,,,,,2008/09/01,,
2760300232,偡偢偑傒働傾,072-3957-7248,072-3957-7248,572-0024,怮壆愳巗愇捗撿挰俁斣俇崋丂 ,姅幃夛幮偡偢偑傒,仜,仜,仜,仜,2023/04/01,,
2760300059,働傾俀侾怮壆愳,072-397-1095,072-801-8751,572-0039,怮壆愳巗抮揷俁亅俋亅俆丂,姅幃夛幮丂働傾俀侾,仜,仜,仜,仜,2008/09/01,,
2760300240,僿儖僷乕僗僥乕僔儑儞丂偲傜偡偲,072-812-5644,072-812-5645,572-0071,怮壆愳巗朙棦挰係侽斣侾俆崋丂 ,崌摨夛幮僩儔僗僩,仜,仜,仜,仜,2025/10/01,,
2760300125,偁傒,072-813-9870,072-813-9871,572-0077,怮壆愳巗揰栰嶰挌栚俁侽斣侾侾崋丂 ,姅幃夛幮偁傒,仜,仜,仜,仜,2019/07/01,,
2760300117,僀僲儀,072-811-0501,072-811-0505,572-0814,怮壆愳巗杧峚堦挌栚俀俀斣係崋丂 ,姅幃夛幮僀僲儀乕僔儑儞,仜,仜,仜,仜,2017/08/01,,
2760300257,俴俬俛倝丂俫俷俵俤丂僿儖僷乕僒乕價僗,072-813-8444,072-813-8788,572-0835,怮壆愳巗擔擵弌挰侾侽斣俁係崋丂 ,崌摨夛幮俴俬俛倝,仜,仜,仜,仜,2025/12/01,,
2763200199,偍偼側,06-6906-2388,06-6914-4078,572-0838,怮壆愳巗敧嶁挰俀俈斣俀崋丂 ,桳尷夛幮丂埨壀,,,,,2012/09/01,,
2763600026,朘栤夘岇丂偄偪偛,072-395-1979,072-395-1979,572-0853,怮壆愳巗戝扟挰侾斣俁俀崋丂 ,姅幃夛幮丂偁備傒,仜,仜,仜,仜,2015/05/01,,
2760300026,僿儖僷乕僗僥乕僔儑儞偝傫傜,072-820-6151,072-820-6151,572-0866,怮壆愳巗彫楬撿挰俉亅俀丂,幮夛暉巸朄恖丂嶿椙暉巸夛,,,,,2008/09/01,,
2762400089,僇僩儗傾朘栤夘岇僒乕價僗,072-805-5202,072-805-5203,573-0022,枃曽巗媨擵嶃俁挌栚侾斣俀俆崋丂,桳尷夛幮丂僇僩儗傾夘岇僒乕價僗,,,,,2012/09/01,,
2762400147,朘栤夘岇壴偒傝傫,072-807-5377,072-807-5378,573-0022,枃曽巗媨擵嶃屲挌栚俁斣俆崋丂 ,崌摨夛幮丂壴偒傝傫,仜,仜,仜,,2015/09/01,,
2762400014,摿掕旕塩棙妶摦朄恖梀傃傝僥乕僔儑儞傢偔傢偔枃曽,072-805-0901,072-805-0901,573-0022,枃曽巗媨擵嶃屲挌栚俆斣侾俋崋丂,摿掕旕塩棙妶摦朄恖丂梀傃傝僥乕僔儑儞傢偔傢偔枃曽,,,,,2008/09/01,,
2762400105,姅幃夛幮丂惏揤,072-843-2338,072-843-2338,573-0027,枃曽巗戝奯撪挰嶰挌栚俁斣俈崋丂戞侾昹揷價儖俁侽俁崋,姅幃夛幮丂惏揤,仜,仜,仜,仜,2013/08/01,,
2762400287,働傾儔僀僼,072-844-3633,072-844-5710,573-0051,枃曽巗嶰栴挰俀斣侾侽崋丂 ,姅幃夛幮働傾儔僀僼,仜,仜,仜,仜,2020/07/01,,
2762400360,儀儖價乕,072-804-3435,072-804-3448,573-0051,枃曽巗嶰栴挰俀斣侾侽崋丂 ,摿掕旕塩棙妶摦朄恖儀儖價乕,仜,仜,仜,仜,2026/04/01,,
2762400121,儔僀僼僒億乕僩丂僗儅僀儖,072-843-0004,072-843-0005,573-0062,枃曽巗埳壛夑塰挰侾俁斣俉亅侾侽侾崋丂 ,摿掕旕塩棙妶摦朄恖丂岾桪夛,仜,仜,仜,仜,2015/07/01,,
2762400337,偁傫夘岇僒乕價僗僗僥乕僔儑儞,072-812-5113,072-812-5114,573-0063,枃曽巗憱扟擇挌栚俀侽斣俀崋丂 ,姅幃夛幮楡,仜,仜,仜,仜,2024/05/01,,
2762400097,姅幃夛幮尦婥傕偭偲,072-860-1777,072-860-1776,573-0076,枃曽巗搶崄棦尦挰侾侽斣係崋丂,姅幃夛幮尦婥傕偭偲,,,,,2012/09/01,,
2762400295,偁偍偽,072-802-3555,072-802-3556,573-0094,枃曽巗撿拞怳堦挌栚侾侽斣侾俇崋丂俀奒,堦斒幮抍朄恖擳埩,仜,仜,仜,仜,2020/12/01,,
2762400071,偐側偊働傾僒乕價僗,072-851-3904,050-1167-3904,573-0162,枃曽巗挿旜惣挰擇挌栚俇俈斣俀崋丂 ,崌摨夛幮偐側偊,,,,,2009/02/01,,
2762400345,働傾俀侾挿旜,072-866-3721,072-866-3821,573-0163,枃曽巗挿旜尦挰屲挌栚俉斣侾崋丂俶俽價儖係侽侾崋幒,姅幃夛幮丂働傾俀侾,仜,仜,仜,仜,2024/12/01,,
2762400311,壀杮彜揦,072-894-8476,072-894-8479,573-0163,枃曽巗挿旜尦挰擇挌栚侾俁斣俀俉亅侾侽俆崋丂 ,姅幃夛幮壀杮彜揦,仜,仜,仜,仜,2023/09/01,,
2762400139,僂僀儞僌夘岇僗僥乕僔儑儞,072-868-4555,072-868-4666,573-1104,枃曽巗擁梩媢堦挌栚俆俁斣俀侽崋丂僪儈乕儖傾乕僋侾侽侾崋幒,姅幃夛幮僂僀儞僌,仜,仜,仜,仜,2015/09/01,,
2762400303,儔僀僼丒僒億乕僩偝偔傜,072-851-3350,072-851-0599,573-1125,枃曽巗梴晝尦挰俀斣侾侾崋丂 ,姅幃夛幮偝偔傜,仜,仜,仜,仜,2022/05/01,,
2762400352,俿倠亅俿倵倧,090-7857-4108, ,573-1152,枃曽巗彽採拞挰侾挌栚侾俆斣侾崋丂 ,崌摨夛幮俿倠亅俿倵倧,仜,仜,仜,仜,2025/10/01,,
2762400063,僄僰僺乕僆乕朄恖僐僗儌僗堛椕暉巸嫤夛僿儖僷乕僗僥乕僔儑儞,072-898-6688,072-898-0033,573-1157,枃曽巗曅杇杮挰侾俆斣係侾崋丂儀儖僄乕儖嘦侾亅侾崋,摿掕旕塩棙妶摦朄恖僐僗儌僗堛椕暉巸嫤夛,仜,仜,仜,仜,2008/12/01,,
2762400170,僿儖僷乕僗僥乕僔儑儞嶰岲,072-864-0456,072-864-0457,573-1163,枃曽巗峛斻揷怴挰侾俇斣侾侽崋丂戝懞僐乕億侾丂侾侽係崋,崌摨夛幮栰擳壴,仜,仜,仜,仜,2019/04/01,,
2762400113,偁偡側傠朘栤夘岇,072-840-2740,072-840-2840,573-1182,枃曽巗屼揳嶳挰俇斣侾俋崋丂俀奒,偁偡側傠夘岇姅幃夛幮,仜,仜,仜,仜,2016/11/01,,
2762400154,僩乕僞儖働傾柧,072-840-2072,072-840-2072,573-1192,枃曽巗惣嬛栰擇挌栚係斣侾俈崋丂戞俆徏梩價儖侾侽俀崋幒,摿掕旕塩棙妶摦朄恖偁偞傒,仜,仜,仜,仜,2016/09/01,,
2761904016,億僀儞僩傾乕僩巐瀶撾,072-814-9650,072-814-9650,574-0011,戝搶巗杒忦擇挌栚侾俉斣俈崋丂 ,崌摨夛幮傾僀僌儖乕,仜,仜,仜,仜,2017/12/01,,
2761900055,僿儖僷乕僗僥乕僔儑儞偄偟偢偊,072-876-1936,072-876-6442,574-0011,戝搶巗杒忦屲挌栚俀斣侾俆崋丂 ,帺棫惗妶僙儞僞乕偄偟偢偊,仜,仜,仜,仜,2016/02/01,,
2761900238,偺傫偺傫,072-800-8556,072-800-8565,574-0015,戝搶巗栰嶈堦挌栚俋斣俆崋丂嬿揷儅儞僔儑儞侾侽俀崋,姅幃夛幮傢傜傒,仜,仜,仜,仜,2020/07/01,,
2761900261,僿儖僷乕僗僥乕僔儑儞僗僀乕僩戝搶栰嶈,072-812-7217,072-812-7216,574-0015,戝搶巗栰嶈堦挌栚俇斣俀侾崋丂 ,姅幃夛幮儁僀丒僼僅儚乕僪,仜,仜,仜,仜,2025/05/01,,
2761900253,働傾丒僗僥乕僔儑儞偝傝,080-2525-2765, ,574-0042,戝搶巗戝栰堦挌栚侾俇斣俁侽崋丂僕儏僱僗侾侽侾崋幒,崌摨夛幮幯楅,仜,仜,仜,仜,2024/12/01,,
2761900246,埱乮偁傫偢乯,072-812-7601,072-812-7601,574-0046,戝搶巗愒堜堦挌栚侾侽斣俀崋丂 ,崌摨夛幮僔僩儕儞,仜,仜,仜,仜,2024/08/01,,
2761900030,儀僗僩朘栤夘岇僙儞僞乕,072-871-3570,072-875-2645,574-0062,戝搶巗昘栰俁亅侾亅俀係丂,嶰婲彜塣姅幃夛幮,,,,,2008/09/01,,
2761900022,僩僢僾僴乕僩戝搶,072-806-8177,072-806-8188,574-0077,戝搶巗嶰売巐挌栚侾俀斣俀俁崋丂嶰桼僴僀僣俠亅俀侽俁崋,姅幃夛幮丂働僀丒傾儞僪丒僄儉僜儕儏乕僔儑儞,,,,,2008/09/01,,
2765700204,偐偊偱,072-803-7974,072-803-7975,575-0002,巐瀶撾巗壀嶳屲挌栚俈斣俋崋丂 ,崌摨夛幮俼丏俥俼俤俤,仜,仜,仜,仜,2020/07/01,,
2765700238,偙傠偄傠働傾,072-380-4381,072-395-9309,575-0002,巐瀶撾巗壀嶳擇挌栚侾俁斣係崋丂 ,姅幃夛幮偙傠偄傠,仜,仜,仜,仜,2026/01/01,,
2765000498,偍乕傉傫偼偀偲夘岇僒乕價僗,06-6748-8077,06-6748-8087,577-0004,搶戝嶃巗堫揷怴挰擇挌栚俀斣俀俉崋丂俶倄價儖,姅幃夛幮偍乕傉傫偼偀偲,仜,仜,仜,仜,2012/09/01,,
2765001306,儔僀僼僒億乕僩偁偝傂,072-963-5511,072-963-5588,577-0011,搶戝嶃巗峳杮杒擇挌栚俆斣俆崋丂 ,姅幃夛幮埉,仜,仜,仜,仜,2024/11/01,,
2765000779,偁偭傉傞懞働傾僙儞僞乕,06-6785-7207,06-6785-7217,577-0011,搶戝嶃巗峳杮杒堦挌栚俇斣侾侾崋丂僔僥傿僴僂僗側偐偺俁侽侾崋幒,姅幃夛幮偁偭傉傞懞,仜,仜,仜,仜,2017/09/01,,
2765000381,俶俹俷朄恖傑偛偙傠偺夛,06-6789-3635,06-6789-9958,577-0015,搶戝嶃巗挿揷俁挌栚係斣俁俆崋丂,摿掕旕塩棙妶摦朄恖擔杮憤崌暉巸巟墖嫤夛,,,,,2011/06/01,,
2765001249,僿儖僷乕僗僥乕僔儑儞偺偁,06-6618-2721,06-6618-2723,577-0022,搶戝嶃巗峳杮怴挰俇斣俁俇崋丂僨僀僌儔儞儘僀儎儖償傿儔俉侽俋崋,桳尷夛幮傠偔傇傫偓,仜,仜,仜,,2023/11/01,,
2765000225,儎儞僌僌儕乕儞抧堟巟墖幒丂栘偐偘,06-6789-8585,06-6789-8501,577-0023,搶戝嶃巗峳杮堦挌栚係斣俁俀崋丂 ,幮夛暉巸朄恖丂儎儞僌僌儕乕儞,仜,仜,仜,仜,2008/09/01,,
2765000902,夘岇僿儖僷乕僗僥乕僔儑儞偄偙傑,06-7165-6458,06-7181-0293,577-0036,搶戝嶃巗屼悀塰挰擇挌栚俇斣侾崋丂傾儁僢僋僗僴僀僣丒儐僯俀侽俁崋幒,僸儖僘姅幃夛幮,仜,仜,仜,仜,2019/04/01,,
2765000506,僴僢僺乕丒働傾丒僒億乕僩朘栤夘岇帠嬈強,06-6788-0701,06-6788-0707,577-0045,搶戝嶃巗惣掔杮捠搶擇挌栚俁斣俀俆亅侾侽侾崋丂 ,桳尷夛幮僴僢僺乕丒働傾丒僒億乕僩,仜,仜,仜,,2012/09/01,,
2765001314,働傾僙儞僞乕傆傢傝,06-6753-8129,06-6753-8139,577-0045,搶戝嶃巗惣掔杮捠搶堦挌栚侾斣侾崋丂搶戝嶃戝敪價儖俈侾俀亅侾,姅幃夛幮倷丏倲倰倕倕,仜,仜,仜,仜,2024/11/01,,
2765000829,岾僴乕僩働傾,06-4306-3324,06-4306-3403,577-0053,搶戝嶃巗崅堜揷係斣侾俇崋丂 ,姅幃夛幮岾,仜,仜,仜,仜,2018/03/01,,
2765000084,傄傛傄傛夛,06-6783-0404,06-6783-0401,577-0054,搶戝嶃巗崅堜揷尦挰擇挌栚俈斣俇崋丂 ,摿掕旕塩棙妶摦朄恖丂傄傛傄傛夛,,,,,2008/09/01,,
2765000555,俛倎倣倐倝値倧丂倴倝倱倲倎,06-6787-3337,06-6787-3344,577-0058,搶戝嶃巗懌戙杒擇挌栚俈斣俆崋枽價儖俀奒丂,償僃儘乕僫働傾姅幃夛幮,仜,仜,仜,仜,2013/07/01,,
2765000324,僗儅僀儖働傾,06-7891-0266,06-7891-0266,577-0801,搶戝嶃巗彫嶃俀亅侾俆亅侾係亅俁侽俉丂,俵仌俽姅幃夛幮,,,,,2010/08/01,,
2765000522,傗偝偟偄庤搶戝嶃,06-6618-8830,06-6618-8831,577-0801,搶戝嶃巗彫嶃俁挌栚係斣俆係崋丂,姅幃夛幮擔寬儅僱僕儊儞僩,,,,,2012/10/01,,
2765001157,傾儈僀夘岇,06-4308-4983,06-4308-4376,577-0801,搶戝嶃巗彫嶃擇挌栚係斣俀俆亅侾侽侾崋丂 ,崌摨夛幮傾儈僀夘岇,仜,仜,仜,仜,2021/06/01,,
2765000209,摿掕旕塩棙妶摦朄恖僼儕乕丒偁丒僗僥乕僕,06-6785-7617,06-6785-7617,577-0801,搶戝嶃巗彫嶃侾亅侾俀亅侾俀丂彫嶃墂慜僐乕億俁侾係崋,摿掕旕塩棙妶摦朄恖丂僼儕乕丒偁丒僗僥乕僕,,,,,2008/09/01,,
2765000456,帺棫惗妶巟墖偨傫傐傐,06-6787-3166,06-6787-3166,577-0801,搶戝嶃巗彫嶃侾挌栚侾侽斣俀係崋丂,摿掕旕塩棙妶摦朄恖嫟偵帺棫偁偔偟傚傫,,,,,2011/12/01,,
2765000845,偮側偖夘岇僗僥乕僔儑儞搶戝嶃,050-3610-9847,06-6729-0051,577-0802,搶戝嶃巗彫嶃杮挰堦挌栚俈斣俉崋丂墇抭價儖侾奒,姅幃夛幮僴僢僺乕儔僀僼,仜,仜,仜,仜,2018/05/01,,
2765000720,僿儖僷乕僗僥乕僔儑儞丂僔儍儘乕儉,06-6224-4860,06-6224-4861,577-0802,搶戝嶃巗彫嶃杮挰堦挌栚俀斣俉崋丂彫嶃價儖係奒俀崋,摿掕旕塩棙妶摦朄恖儀僞僯儎懞,仜,仜,仜,仜,2016/07/01,,
2765000860,惵嬻僿儖僷乕僗僥乕僔儑儞,06-6722-1970,06-6722-1971,577-0803,搶戝嶃巗壓彫嶃屲挌栚侾侽斣侾俀崋丂僐乕億扟懞嘥侾侽俇崋,姅幃夛幮俿俿俠,仜,仜,仜,仜,2018/06/01,,
2765000878,摿掕旕塩棙妶摦朄恖僕儍儞儃,06-6728-0843,06-6728-0846,577-0806,搶戝嶃巗忋彫嶃擇挌栚侾斣侾俈崋丂 ,摿掕旕塩棙妶摦朄恖僕儍儞儃,仜,仜,仜,,2018/10/01,,
2765000373,傇傜傇乣傜傜偄傆偝傐乕偲,06-6784-6012,06-6784-6013,577-0807,搶戝嶃巗旽壆惣俆挌栚俀亅侾丂僕僃僀儖儈僫彫嶃俇奒,幮夛暉巸朄恖僀儞僋儖乕僔償儔僀僼嫤夛,,,,,2011/05/01,,
2765001199,働傾俀侾搶戝嶃,06-6783-8105,06-6783-8107,577-0807,搶戝嶃巗旽壆惣榋挌栚係斣係侾崋丂僔儍儖儉彫嶃堧斣娰侾侽侾崋,姅幃夛幮丂働傾俀侾,仜,仜,仜,仜,2023/03/01,,
2765001108,僗僺儕僢僣夘岇僙儞僞乕,06-6724-0412,06-6724-0448,577-0807,搶戝嶃巗旽壆惣嶰挌栚侾斣侾崋丂 ,姅幃夛幮朘栤娕岇僗僥乕僔儑儞僼儘儞僥傿傾,仜,仜,仜,仜,2020/06/01,,
2765001272,偝偔傜働傾僗僥乕僔儑儞,06-6724-1120,06-6724-1120,577-0807,搶戝嶃巗旽壆惣堦挌栚侾俁斣俁侾崋丂 ,姅幃夛幮偝偔傜,仜,仜,仜,仜,2024/04/01,,
2765000936,傂側偨傏偭偙僿儖僷乕僙儞僞乕,06-6722-8790,06-6722-8792,577-0808,搶戝嶃巗墶徖挰堦挌栚侾俁斣俆崋丂 ,摿掕旕塩棙妶摦朄恖傂側偨傏偭偙,仜,仜,仜,仜,2019/06/01,,
2765000852,偼傞偐偤夘岇僙儞僞乕,06-6748-0633,06-6748-0634,577-0809,搶戝嶃巗塱榓堦挌栚侾侽斣俀係崋丂 ,崌摨夛幮偼傞偐偤,仜,仜,仜,仜,2018/06/01,,
2765000514,僿儖僷乕僗僥乕僔儑儞僆傾僔僗挿悾,06-6723-6553,06-6723-6588,577-0818,搶戝嶃巗彫庒峕俀挌栚俋斣俀俋崋丂,幮夛暉巸朄恖丂戝榓暉庻夛,仜,仜,仜,仜,2012/10/01,,
2765000928,僿儖僷乕僗僥乕僔儑儞偼傞傂,06-6732-4173,06-6732-4177,577-0818,搶戝嶃巗彫庒峕堦挌栚俉斣俁崋丂 ,姅幃夛幮偨偄偣偄,仜,仜,仜,,2019/05/01,,
2765001264,俉倛倧倧倓,06-4306-3912,06-4306-3913,577-0822,搶戝嶃巗尮巵働媢侾俆斣俀侽崋丂 ,俲倄俽俫亅俉姅幃夛幮,仜,仜,仜,仜,2024/04/01,,
2765000423,偁偝偑偍働傾僗僥乕僔儑儞搶戝嶃,06-6727-7841,06-6727-7865,577-0824,搶戝嶃巗戝楡搶俆亅侾俆亅俀侾丂,桳尷夛幮僔乕丒僄僗丒僕僃僀,,,,,2011/10/01,,
2765000316,傂傆傒夘岇,06-7897-5200,06-7897-5779,577-0825,搶戝嶃巗戝楡撿侾亅俀亅俀俀丂,姅幃夛幮堦擇嶰,仜,仜,仜,仜,2010/08/01,,
2765001256,朘栤夘岇僜儗僀儐,06-6224-3311,06-6224-3322,577-0826,搶戝嶃巗戝楡杒嶰挌栚俈斣俀係崋丂 ,崌摨夛幮姁榓,仜,仜,仜,仜,2024/03/01,,
2765000613,朘栤夘岇儕儕乕,06-6748-0853,06-6748-0859,577-0827,搶戝嶃巗堖悹巐挌栚係斣俁俀崋丂 ,崌摨夛幮倗倰倎們倝倧倳倱,仜,仜,仜,仜,2014/01/01,,
2765001173,働傾僗僥乕僔儑儞傂傑傢傝,06-6730-8870,06-6730-8870,577-0827,搶戝嶃巗堖悹嶰挌栚侾俈斣俇崋丂俫倎倫倫倝値倕倱倱丂們倧倳倰倲堖悹侾侽係崋幒,崌摨夛幮俼倕倎倢倝倱倕,仜,仜,仜,仜,2022/06/01,,
2765001207,働傾僙儞僞乕榓,06-6743-7585,06-6743-7832,577-0827,搶戝嶃巗堖悹嶰挌栚俇斣侾崋丂 ,姅幃夛幮榓,仜,仜,仜,仜,2023/03/01,,
2762200836,夘岇僒乕價僗丂偐偑傗偒,06-6736-5546,06-6736-5548,577-0837,搶戝嶃巗庻挰堦挌栚侾斣俁俆崋丂 ,崌摨夛幮丂偐偑傗偒,仜,仜,仜,仜,2013/01/01,,
2765000043,偁傫偟傫僿儖僾僒乕價僗乽搶戝嶃惣乿,06-6720-3045,06-6720-3046,577-0843,搶戝嶃巗峳愳擇挌栚侾亅侾俇丂,姅幃夛幮丂傾僗僉乕僱僢僩,,,,,2008/09/01,,
2765000431,僲乕僒僀僪夘岇巟墖僙儞僞乕,06-6736-1515,06-6736-1516,577-0843,搶戝嶃巗峳愳擇挌栚俉斣俀俇崋丂 ,姅幃夛幮僲乕僒僀僪,,,,,2011/11/01,,
2765001223,僿儖僷乕僗僥乕僔儑儞俢倧値倲倧倣,072-983-5966,072-983-6997,578-0901,搶戝嶃巗壛擺幍挌栚俋斣侾俆崋丂 ,姅幃夛幮俙俿俽,,仜,仜,仜,2023/04/01,,
2765000191,姅幃夛幮丂偐傔偺傗働傾僒乕價僗,072-921-6787,072-921-6784,578-0924,搶戝嶃巗媑揷敧挌栚俇斣係崋丂 ,姅幃夛幮丂偐傔偺傗働傾僒乕價僗,,,,,2008/09/01,,
2765000076,帺棫惗妶巟墖僙儞僞乕乽傢偔傢偔乿,072-968-1556,072-968-1557,578-0931,搶戝嶃巗壴墍搶挰堦挌栚侾俈斣俁侽崋丂,幮夛暉巸朄恖丂憂巚墤,,,,,2008/09/01,,
2765000464,僿儖僾僙儞僞乗傝偁傞,06-7175-0473,06-7171-4135,578-0935,搶戝嶃巗庒峕搶挰嶰挌栚俁斣係俈崋丂 ,姅幃夛幮傝偁傞,仜,仜,仜,仜,2012/05/01,,
2765000597,側側偄傠偺鉐丂嫃戭夘岇帠嬈強,072-976-4701,072-976-4702,578-0941,搶戝嶃巗娾揷挰屲挌栚侾斣俀俀崋丂媑揷僴僀僣侾奒,崌摨夛幮側側偄傠偺鉐,仜,仜,仜,仜,2013/11/01,,
2765001280,榓媣僿儖僷乕僗僥乕僔儑儞,072-968-8396,072-943-4317,578-0941,搶戝嶃巗娾揷挰屲挌栚俀斣俁俈崋丂 ,崌摨夛幮榓媣,仜,仜,仜,仜,2024/06/01,,
2765001322,朘栤夘岇僗僥乕僔儑儞儅僓乕僴僂僗,06-7893-7732,06-7896-1856,578-0941,搶戝嶃巗娾揷挰嶰挌栚侾係斣侾侾崋丂僒儞僐乕儓乕侾侽侾崋,姅幃夛幮儅僓乕僴儞僪,仜,仜,仜,仜,2025/10/01,,
2765000910,働傾僒乕價僗榓,06-4981-7186,06-4981-7186,578-0942,搶戝嶃巗庒峕杮挰擇挌栚俀斣侾崋丂俧俴儅儞僔儑儞俀侽侾,倄俲姅幃夛幮,仜,仜,仜,仜,2019/04/01,,
2765014127,僒億乕僩僙儞僞乕丂俶倕倱倱倝倕,06-6748-0056,06-6748-0059,578-0946,搶戝嶃巗塟惗摪擇挌栚侾斣俇俁崋丂 ,姅幃夛幮俶倕倱倱倝倕,仜,仜,仜,仜,2025/03/01,,
2765001215,岝働傾僙儞僞乕,06-6789-1115,06-7161-2333,578-0947,搶戝嶃巗惣娾揷嶰挌栚俁斣侾俁崋侾俁俈丂 ,堦斒幮抍朄恖岝,仜,仜,仜,仜,2023/04/01,,
2765000548,働傾俀侾崈抮,06-6748-9621,06-6744-1821,578-0971,搶戝嶃巗崈抮杮挰侾斣侾俋崋丂儅儞僔儑儞儎儅儉儔侾奒,姅幃夛幮丂働傾俀侾,仜,仜,仜,仜,2013/07/01,,
2765000696,僿儖僷乕巟墖帠嬈偙偙偐傜,06-7493-2919,06-7493-2919,578-0972,搶戝嶃巗崈抮挰擇挌栚俇斣係俁崋丂 ,俶俹俷朄恖丂傒傜偄暉巸夛,仜,仜,仜,仜,2016/01/01,,
2765001140,偡傑傝偽,072-943-1230,072-344-5846,578-0973,搶戝嶃巗搶崈抮挰屲挌栚俀斣侾俁崋亅俀侽侾崋丂 ,崌摨夛幮俽倣倎倰倲丂倰倝倴倕倰,仜,仜,仜,仜,2020/11/01,,
2765000712,價儏乕僥傿僼儖働傾僒億乕僩,06-4309-8640,06-4309-8662,578-0975,搶戝嶃巗拞崈抮挰擇挌栚侾斣俀俆崋丂 ,姅幃夛幮倎倐倝倢倝倲倷,仜,仜,仜,仜,2016/06/01,,
2765000662,働傾僙儞僞乕備傞傞,06-4307-4966,06-4307-4967,578-0977,搶戝嶃巗崈抮摽埩挰係斣侾俋崋丂 ,姅幃夛幮備傞傞,仜,仜,仜,仜,2015/07/01,,
2765001298,俙倲倕倢倝倕倰丂俽,090-3826-1421,072-970-5858,579-8012,搶戝嶃巗忋愇愗挰擇挌栚侾俉斣俁崋丂 ,崌摨夛幮俙倲倕倢倝倕倰丂俽,仜,仜,仜,仜,2024/09/01,,
2765000068,夘岇巟墖僙儞僞乕僒儖價傾,072-985-0177,072-985-1770,579-8014,搶戝嶃巗拞愇愗挰擇挌栚俁斣係俆崋丂怴愇愗價儖侾奒,桳尷夛幮丂僒僋僙僗,,,,,2008/09/01,,
2765001165,抧堟巟墖帠嬈強偰偔偰偔,070-1437-3547,072-987-1889,579-8021,搶戝嶃巗妟揷挰係斣俀侾崋丂 ,桳尷夛幮偼乕偱傘,,仜,仜,仜,2021/11/01,,
2765000019,傾僀僴僂僗搶戝嶃,072-980-4383,072-983-5678,579-8036,搶戝嶃巗戦揳挰侾俋斣俀崋丂戝憅價儖俀侽俁崋,姅幃夛幮丂儅僣儉儔,仜,仜,仜,仜,2008/09/01,,
2765000605,倱倲倧們俋,072-983-5602,072-983-5603,579-8038,搶戝嶃巗敔揳挰俀斣侾崋丂 ,姅幃夛幮倱倲倧們俋,仜,仜,仜,仜,2013/11/01,,
2765001082,偁偄傞嫃戭偝傐乕偲,072-968-7623,072-968-7624,579-8046,搶戝嶃巗徍榓挰俀侽斣侾俉崋丂 ,俶俹俷朄恖俠倛倕倰倝,仜,仜,仜,仜,2020/04/01,,
2765001231,偙傑働傾嶗挰僿儖僷乕僗僥乕僔儑儞,072-970-5329,072-970-5392,579-8047,搶戝嶃巗嶗挰係斣俁崋丂 ,姅幃夛幮嬵惛婡,仜,仜,仜,仜,2023/11/01,,
2765000894,僿儖僷乕僗僥乕僔儑儞傋偰傞,072-951-2750,072-915-7290,579-8048,搶戝嶃巗埉挰侾俈斣俀崋丂 ,堦斒幮抍朄恖朙愳夛,仜,仜,仜,仜,2019/03/01,,
2765000944,垽儕儕乕僽,072-973-6280,072-970-6230,579-8064,搶戝嶃巗抮搰挰嶰挌栚俁斣係崋丂儊僝儞搶壴墍俀侽侾崋幒,摿掕旕塩棙妶摦朄恖偒偢傢,仜,仜,仜,仜,2019/07/01,,
2764800294,巚愑,072-332-3400,072-332-3401,580-0006,徏尨巗戝杧擇挌栚侾俆斣俁俁崋丂 ,僆儌僙僉崌摨夛幮,仜,仜,仜,仜,2024/04/01,,
2764800336,寢偺栘,072-202-6248,072-202-6248,580-0012,徏尨巗棫晹堦挌栚俇斣侾俋崋丂怴揷戄帠柋強棫晹侾乕俁侽侾崋,崌摨夛幮偙偙傠偵嶇偔,仜,仜,仜,仜,2026/06/01,,
2764800302,僿儖僷乕僗僥乕僔儑儞傂側偨,072-349-9712,072-349-9722,580-0016,徏尨巗忋揷堦挌栚係亅俀丂晉巑價儖徏尨嘥俀侽係,倀倲倧倫倝倎姅幃夛幮,仜,仜,仜,仜,2024/04/01,,
2764800328,俠俷俠俷朘栤夘岇,072-368-5355,072-368-5356,580-0016,徏尨巗忋揷堦挌栚係斣俀崋丂晉巑價儖徏尨嘥丂俁侽俁崋幒,姅幃夛幮俠俷俠俷,仜,仜,仜,仜,2026/05/01,,
2764800047,夘岇僩乕僞儖働傾僒乕價僗垽偁乣傞,072-330-5544,072-330-5622,580-0024,徏尨巗搶怴挰嶰挌栚俁斣侾俉崋丂,桳尷夛幮丂垽偁乕傞,,,,,2008/09/01,,
2764800070,忈偑偄幰巟墖僙儞僞乕偟偁傢偣,072-335-2911,072-335-3203,580-0025,徏尨巗杒怴挰俇亅侾俈亅俀俆丂 ,桳尷夛幮偟偁傢偣,,,,,2011/09/05,,
2764800062,働傾僗僥乕僔儑儞偐偊偱,072-339-6577,072-339-6570,580-0026,徏尨巗揤旤変摪俈挌栚係斣侾崋丂挿扟愳價儖俀奒,姅幃夛幮偐偊偱,,,,,2011/09/01,,
2764800112,働傾儚乕僋傑偮偽傜,072-350-9387,072-320-7157,580-0032,徏尨巗揤旤搶堦挌栚俉斣侾俈崋丂 ,桳尷夛幮僜乕僔儍儖働傾僒乕價僗,仜,仜,仜,仜,2018/10/01,,
2764800286,偊偛偊傫僿儖僷乕僗僥乕僔儑儞,072-320-0345,072-337-2026,580-0032,徏尨巗揤旤搶嬨挌栚係斣侾俇崋丂 ,崌摨夛幮偊偛偊傫,仜,仜,仜,仜,2023/05/01,,
2764800310,嫟摨夘岇丂俧倰倎倱倱,080-7364-5891, ,580-0033,徏尨巗揤旤撿擇挌栚俀係侽斣俀俉崋丂 ,姅幃夛幮恖憐,仜,仜,仜,仜,2024/07/01,,
2764800021,傆傟偁偄僒乕僋儖傑偳偐,072-338-3381,072-338-3381,580-0042,徏尨巗徏儢媢巐挌栚俁斣俆崋丂,桳尷夛幮丂墌,,,,,2008/09/01,,
2764800104,僿儖僷乕僗僥乕僔儑儞偲傑傝栘,072-331-6982,072-331-9208,580-0044,徏尨巗揷堜忛堦挌栚俈斣俀俇崋丂俁侽俋僾儔僓侾侽侾崋,堦斒幮抍朄恖偲傑傝栘,仜,仜,仜,仜,2018/06/01,,
2765000738,朘栤夘岇丂梉梲峠,072-992-0586,072-992-0587,581-0001,敧旜巗枛峀挰屲挌栚俁亅侾係丂 ,姅幃夛幮俬俲俷,仜,仜,仜,仜,2016/08/01,,
2765500471,僂僅乕儉僴儞僘,072-943-3456,072-943-3456,581-0003,敧旜巗杮挰堦挌栚俇斣俀侽崋丂 ,崌摨夛幮倂倎倰倣倛倎値倓倱,仜,仜,仜,仜,2025/01/01,,
2765500430,嵟垽偺夛,072-970-6836,072-970-6837,581-0004,敧旜巗搶杮挰屲挌栚俀斣俆崋丂 ,姅幃夛幮帥郪,仜,仜,仜,仜,2023/05/01,,
2765500083,僿儖僷乕僗僥乕僔儑儞乽儊儘僨傿乿,072-997-8411,072-997-8477,581-0013,敧旜巗嶳杮挰撿侾亅俉亅俀俉丂,幮夛暉巸朄恖怣婱暉巸夛,,,,,2010/03/01,,
2765500224,傇傫傉偔夘岇僙儞僞乗,072-990-0229,072-990-0228,581-0013,敧旜巗嶳杮挰撿屲挌栚係斣侾俆崋丂 ,姅幃夛幮丂暘暉,仜,仜,,仜,2017/05/01,,
2765500455,堛椕朄恖拞摴夛丂僿儖僷乕僗僥乕僔儑儞偐偊偱,072-970-6031,072-970-6032,581-0025,敧旜巗揤墹帥壆擇挌栚侾俉斣俀崋丂侾奒,堛椕朄恖拞摴夛,仜,仜,仜,仜,2024/01/01,,
2765500208,偁偄偰傜偡働傾僗僥乕僔儑儞巙婭,072-920-6630,072-920-6650,581-0025,敧旜巗揤墹帥壆擇挌栚侾俁俁斣抧偺俁丂儈儗僯傾儉僯僔儉儔侾侽俆崋幒,姅幃夛幮僂僃儖傾僢僾,仜,仜,仜,仜,2016/11/01,,
2765507252,働傾俀侾敧旜巙婭,072-949-7221,072-949-7231,581-0031,敧旜巗巙婭挰堦挌栚侾侽斣抧丂僕儑僀僼儖僆僆僀僔侾崋娰侾侽俁崋幒,姅幃夛幮丂働傾俀侾,仜,仜,仜,仜,2025/07/01,,
2765500075,傢偐偽働傾僒乕價僗,072-948-7390,072-920-5607,581-0036,敧旜巗徖侾挌栚俇俉斣抧俀侽丂 ,姅幃夛幮庒梩,,,,,2010/03/01,,
2765500448,朘栤夘岇僗僥乕僔儑儞偍傓偡傃,072-920-1555,072-920-1556,581-0037,敧旜巗懢揷嶰挌栚侾俉侾斣抧偺侾丂僇僒儀儖僨戝惓侾侽俇崋幒,姅幃夛幮捽,仜,仜,仜,仜,2023/06/01,,
2765500240,僴僺僱僗敧旜僿儖僷乕僗僥乕僔儑儞,072-948-8008,072-949-8111,581-0039,敧旜巗懢揷怴挰嶰挌栚俉俉斣抧侾丂 ,幮夛暉巸朄恖岾庻夛,仜,仜,仜,,2018/09/01,,
2765500166,儓僣僶朘栤夘岇僗僥乕僔儑儞,072-929-9157,072-929-9158,581-0042,敧旜巗撿栘偺杮擇挌栚侾俀斣抧偺侾俆丂 ,崌摨夛幮丂俴倕倕丂俹倢倎値値倝値倗,仜,仜,仜,仜,2016/05/01,,
2765500380,朘栤夘岇僩儔僗僩,072-983-6401,072-970-6799,581-0044,敧旜巗栘偺杮擇挌栚俆侾斣抧偺俀丂僄儊儔儖僪儅儞僔儑儞俀俶崋,姅幃夛幮嵼戭夘岇僩儔僗僩,仜,仜,仜,仜,2021/04/01,,
2765500067,働傾俀侾敧旜撿,072-990-4721,072-999-8921,581-0068,敧旜巗愓晹杒偺挰侾亅俁亅侾俇丂,姅幃夛幮丂働傾俀侾,仜,仜,仜,仜,2010/02/01,,
2769900230,敧旜妝墍,072-991-0246,072-999-9982,581-0072,敧旜巗媣曮帥俁亅侾俆亅俆俁丂,姅幃夛幮僂僄僗僩,,,,,2008/09/01,,
2765500414,朘栤夘岇偺僐儘僠儍,072-976-4692,072-976-4693,581-0075,敧旜巗廰愳挰榋挌栚俁斣俁俀崋丂僄僋僙儖僴僀僣嘦丂俀侽俀崋幒,堦斒幮抍朄恖僐僐儘僓僔僠儍儗儞僕,仜,仜,仜,仜,2021/10/01,,
2765500091,傢偁傞偢夘岇僙儞僞乗敧旜,072-970-6861,072-970-6862,581-0085,敧旜巗埨拞挰俀亅侾亅俇俁丂,姅幃夛幮傢偁傞偢,,,,,2012/05/01,,
2765500042,僋儘乕僶乕働傾僒乕價僗,072-973-7700,072-973-7701,581-0085,敧旜巗埨拞挰嶰挌栚俆斣侾崋丂 ,桳尷夛幮丂僺儏傾僋僆儕僥傿,,,,,2008/09/01,,
2765500372,働傾僗僥乕僔儑儞妝惗,072-924-8900,072-924-8903,581-0085,敧旜巗埨拞挰巐挌栚俀斣俉崋丂 ,姅幃夛幮妝惗,仜,仜,仜,仜,2020/11/01,,
2765500216,働傾僗僥乕僔儑儞擳垽,072-924-3311,072-924-3318,581-0086,敧旜巗梲岝墍堦挌栚俈斣侾崋丂 ,姅幃夛幮丂俼倧們倠,仜,仜,仜,仜,2017/05/01,,
2765000688,惗妶巟墖僙儞僞乕偐偑傗偒,072-951-5160,072-951-6735,581-0094,敧旜巗巙婭挰惣巐挌栚俇侾斣抧丂 ,姅幃夛幮偐偑傗偒,仜,仜,仜,仜,2015/10/01,,
2765500398,朘栤夘岇僗僥乕僔儑儞偝偔傜,072-915-3960,072-915-3970,581-0095,敧旜巗揷堜拞嶰挌栚俇俇斣抧丂 ,姅幃夛幮俠倛倕倰倰倷丂俛倢倧倱倱倧倣,仜,仜,仜,仜,2021/04/01,,
2765500463,働傾俀侾敧旜,072-929-4121,072-929-4123,581-0802,敧旜巗杒杮挰堦挌栚俀斣侾俀崋丂徍榓價儖俀奒,姅幃夛幮丂働傾俀侾,仜,仜,仜,仜,2024/01/01,,
2765500422,偔偅丅儂乕儉働傾儕儞僌,072-929-9033,072-929-9162,581-0834,敧旜巗姙怳挰嶰挌栚侾侽侽斣俀崋亅俙侾侽侾丂 ,崌摨夛幮俻倧倧,仜,仜,仜,仜,2023/03/01,,
2765500141,巚偄傗傝夘岇僒乕價僗,072-990-3808,072-990-3809,581-0866,敧旜巗搶嶳杮怴挰榋挌栚俀斣侾俋崋丂 ,姅幃夛幮丂憹巕寶愝,仜,仜,仜,仜,2014/07/01,,
2765500257,愮嵨朘栤夘岇,072-920-4581,072-920-4582,581-0869,敧旜巗嶗働媢嶰挌栚俈係斣抧丂 ,崌摨夛幮榋敧,仜,仜,仜,仜,2020/01/01,,
2765500232,俿俵夘岇僒乕價僗,072-975-6850,072-975-6851,581-0874,敧旜巗嫵嫽帥榋挌栚俈俀斣抧丂僴僀儉挬擔侾侽俆崋幒,姅幃夛幮俿俵夘岇僒乕價僗,仜,仜,仜,仜,2017/11/01,,
2765507237,朘栤夘岇僼傽儞働傾,072-975-6396,072-975-6390,581-0874,敧旜巗嫵嫽帥屲挌栚侾係俇斣抧丂 ,姅幃夛幮僼傽儞働傾,仜,仜,仜,仜,2025/09/01,,
2765500190,僗僇僀夘岇僒乕價僗,072-941-1808,072-941-1811,581-0881,敧旜巗奯撪堦挌栚侾俈俋斣抧丂 ,姅幃夛幮僗僇僀,仜,仜,仜,仜,2016/09/01,,
2765500026,偁偲傓働傾僒乕價僗,072-944-0449,072-943-7400,581-0885,敧旜巗恄媨帥巐挌栚俋俇斣抧丂,偁偲傓丂桳尷夛幮,仜,仜,仜,仜,2008/09/01,,
2764600140,朘栤夘岇僗僥乕僔儑儞暉棃墤,072-983-5469,072-983-6498,582-0002,攼尨巗崱挰堦挌栚係斣侾俈崋丂 ,姅幃夛幮恗摽夛,仜,仜,仜,仜,2023/05/01,,
2764607020,傜傄偡夘岇僗僥乕僔儑儞,072-968-7551,072-968-7552,582-0002,攼尨巗崱挰堦挌栚俀斣侾俁亅俀侽係崋丂 ,姅幃夛幮儔儖乕僠僃,仜,仜,仜,仜,2025/12/01,,
2764600157,儕儔僀僼僿儖僷乕僗僥乕僔儑儞,050-3159-9720,050-3159-9702,582-0005,攼尨巗朄慞帥嶰挌栚俈斣侾崋丂僾僠儊僝儞俫俷倅俤俶俰俬俁侽俁崋幒,崌摨夛幮僼乕儗,仜,仜,仜,仜,2026/01/01,,
2764600017,僩乕儓乕傆傟垽僷儖僋,06-6792-8008,06-6792-8010,582-0016,攼尨巗埨摪挰侾斣俁侽崋丂戝惔戞俀價儖俀奒,姅幃夛幮丂傆傟垽岎捠,,,,,2008/09/01,,
2764600033,傾乕僗朘栤夘岇,072-959-8431,072-959-8431,582-0021,攼尨巗崙暘杮挰俀挌栚侾斣侾俆崋丂僽儔儞價僄儞僩侾侽侾崋,崌摨夛幮俽倲倕倎倓倷仌俠倧丏,仜,仜,仜,仜,2018/08/01,,
2763400104,僿儖僷乕僗僥乕僔儑儞壴徫傒丂偼偠偺棦,072-931-1830,072-931-1831,583-0006,摗堜帥巗崙晎堦挌栚俀斣侾俀崋丂幍恄崙晎價儖俁侽俉崋幒,崌摨夛幮俽俫倀俼俙,仜,仜,仜,仜,2020/03/01,,
2763400070,儊乕僾儖,072-959-3356,072-952-0849,583-0011,摗堜帥巗戲揷巐挌栚俋斣俀俀崋丂 ,姅幃夛幮傾僙儞僩,仜,仜,仜,仜,2013/07/01,,
2763400096,僿儖僷乕僗僥乕僔儑儞丂偐傝傫,072-921-9894,072-921-9895,583-0015,摗堜帥巗惵嶳擇挌栚俁斣俈崋丂 ,姅幃夛幮丂偐傝傫,仜,仜,仜,仜,2014/12/01,,
2763400211,桳尷夛幮摗堜帥僿儖僷乕僙儞僞乕,072-930-6003,072-930-6004,583-0033,摗堜帥巗彫嶳巐挌栚俈斣俀侽崋丂 ,桳尷夛幮摗堜帥僿儖僷乕僙儞僞乕,仜,仜,仜,仜,2020/04/01,,
2763800170,偁偍偄偦傜僿儖僷乕僗僥乕僔儑儞,072-958-1123,072-958-1124,583-0852,塇塯栰巗屆巗擇挌栚俉斣俉崋丂怷偺侾侽嫃俽搹俋崋幒,崌摨夛幮偁偍偄偦傜,仜,仜,仜,仜,2024/04/01,,
2763400054,偮傏傒,072-959-6938,072-959-6938,583-0854,塇塯栰巗寉棦堦挌栚俆斣俈崋丂侾侽侾崋,姅幃夛幮偮傏傒,仜,仜,仜,仜,2011/07/01,,
2763800055,僗儚儞儊僨傿僇儖働傾,072-959-6422,072-959-6423,583-0856,塇塯栰巗敀捁堦挌栚侾斣侾俇崋丂 ,姅幃夛幮丂僗儚儞儊僨傿僇儖働傾,仜,仜,仜,仜,2016/12/01,,
2763800188,働傾僂傿儞僌僗丂塇塯栰,06-6625-5099,06-7739-5338,583-0857,塇塯栰巗梍揷擇挌栚係斣俇崋丂 ,僉儍儕傾僂傿儞僌僗姅幃夛幮,仜,仜,仜,仜,2026/05/01,,
2763800063,夘岇僗僥乕僔儑儞傎偨傞,072-979-7755,072-979-7751,583-0861,塇塯栰巗惣塝屲挌栚侾斣侾侾崋丂 ,桳尷夛幮偁傞偔,仜,仜,仜,仜,2019/09/01,,
2763800030,俶俤倃俿,072-959-3557,072-349-6261,583-0882,塇塯栰巗崅榟俁挌栚係斣侾崋丂,摿掕旕塩棙妶摦朄恖俶丒俼丒倄,,,,,2012/07/01,,
2763800014,僗僶儖丒僒億乕僩僼傽僋僩儕乕偼傃偒偺,072-931-1116,072-931-1119,583-0883,塇塯栰巗岦栰俀挌栚俇亅侾俉丂 ,僗僶儖丒僩乕僞儖僾儔儞僯儞僌丂姅幃夛幮,仜,仜,仜,仜,2008/09/01,,
2763500184,僿儖僷乕僗僥乕僔儑儞傾儌乕儖,0721-55-4061,0721-55-4062,583-0991,撿壨撪孲懢巕挰戝帤弔擔侾侾侽斣抧俁侽俀崋幒丂 ,姅幃夛幮僗儘僢僋,仜,仜,仜,,2020/10/01,,
2763500028,働傾僙儞僞乕偱偁偄,0721-98-3109,0721-98-3151,583-0992,撿壨撪孲懢巕挰戝帤嶳揷俀俇俆俀斣抧偺係丂 ,姅幃夛幮偱偁偄,仜,仜,仜,仜,2017/08/01,,
2764900219,僿儖僷乕僗僥乕僔儑儞偐側偱,0721-55-2160,0721-55-2161,584-0036,晉揷椦巗峛揷擇挌栚侾俉斣俀俇亅俀侽俆崋丂 ,崌摨夛幮俽俷倀,仜,仜,仜,仜,2025/03/01,,
2764900235,儖儈僫僗夘岇僒乕價僗,0721-21-1811,0721-22-1811,584-0045,晉揷椦巗嶳拞揷挰堦挌栚侾俈斣侾俈亅侾崋丂 ,堦斒幮抍朄恖僂僃儖僱僗僋儕僄僀僩,仜,仜,仜,仜,2026/02/01,,
2764900086,僒億乕僩丒偁偄,0721-52-1165,0721-52-0718,584-0062,晉揷椦巗恵夑擇挌栚俀俇斣俈崋丂 ,桳尷夛幮丂僸儏乕儅儞儕儞僋,仜,仜,仜,,2019/04/01,,
2764900060,偍傕偪傖娰僿儖僷乕僗僥乕僔儑儞,0721-40-0707,0721-40-0706,584-0073,晉揷椦巗帥抮戜屲挌栚俀侽斣俁侾崋丂 ,摿掕旕塩棙妶摦朄恖僔乕僔乕僞僀儈儞僌,仜,仜,仜,仜,2016/01/01,,
2764900193,巐揤墹帥斶揷晉揷椦墤岦梲嵼戭朘栤僗僥乕僔儑儞,0721-29-0320,0721-29-0282,584-0082,晉揷椦巗岦梲戜侾挌栚俁斣俀侽崋丂 ,幮夛暉巸朄恖丂巐揤墹帥暉巸帠嬈抍,仜,仜,,仜,2020/05/01,,
2764900052,傎偑傜偐,00-0000-0000, ,584-0082,晉揷椦巗岦梲戜屲挌栚俈斣侾侽崋丂 ,崌摨夛幮傒偹,仜,仜,,仜,2015/02/01,,
2764900201,峴摦墖岇帠嬈強偄傇偒,080-4978-8598, ,584-0083,晉揷椦巗彫嬥戜擇挌栚俉斣俁亅侾侽俁崋丂 ,崌摨夛幮俵倝倓倧倰倝,仜,仜,仜,仜,2024/09/01,,
2764900078,働傾僙儞僞乕傂側,0721-55-3811,0721-55-3822,584-0084,晉揷椦巗嶗働媢挰俁斣侾係崋丂 ,崌摨夛幮働傾僙儞僞乕傂側,仜,仜,仜,仜,2018/03/01,,
2764900227,僿儖僷乕僗僥乕僔儑儞偡傒傟,0721-81-1165,0721-81-1166,584-0086,晉揷椦巗捗乆嶳戜巐挌栚俆斣侾俉崋丂 ,崌摨夛幮傾僔僗僩儔僀僼,仜,仜,仜,仜,2025/10/01,,
2764007346,朘栤夘岇帠嬈強丂偼側偼側,0721-55-2002,0721-52-0378,586-0001,壨撪挿栰巗栘屗堦挌栚俇斣侾崋俁俢丂 ,桳尷夛幮偼側,仜,仜,仜,仜,2019/07/01,,
2760700084,働傾撿奀姅幃夛幮丂朘栤夘岇帠嬈強,0721-52-0203,0721-52-0330,586-0002,壨撪挿栰巗巗挰俈俇俆斣侾丂 ,働傾撿奀姅幃夛幮,仜,仜,仜,仜,2017/05/01,,
2760700258,朘栤夘岇僗僫僌儖,0721-55-2446,0721-55-2447,586-0003,壨撪挿栰巗擁挰搶係係係斣抧偺係丂僔僥傿乕僐乕僩屆扟侾侽俈崋幒,崌摨夛幮僗僫僌儖,仜,仜,仜,仜,2024/05/01,,
2760700092,傎傎偊傒夘岇僙儞僞乕,0721-55-4920,0721-55-4919,586-0024,壨撪挿栰巗惣擵嶳挰俀斣侾丂僆僆僞僯價儖俀侽俀崋,姅幃夛幮傎傎偊傒夘岇僙儞僞乕,仜,仜,仜,仜,2019/10/01,,
2760700266,偊偦傜,0721-54-2120,0721-54-2122,586-0024,壨撪挿栰巗惣擵嶳挰侾侽斣俀俉崋丂僒儞儔僀僘價儖俀侽侾崋,姅幃夛幮偊偦傜,仜,仜,仜,仜,2024/12/01,,
2760700209,僗儅僀儖働傾,0721-54-1113,0721-54-1117,586-0026,壨撪挿栰巗庻挰俇斣俆係崋丂 ,桳尷夛幮僗儅僀儖働傾,仜,仜,仜,仜,2020/05/01,,
2760700217,僿儖僾僙儞僞乕傆偋傟偡偲,0721-55-2264,0721-55-2267,586-0032,壨撪挿栰巗塰挰俀俆斣抧俁俈崋丂 ,幮夛暉巸朄恖偸偔傕傝,仜,仜,仜,仜,2021/04/01,,
2760700233,僿儖僷乕僗僥乕僔儑儞傆偔傆偔,0721-51-4470,0721-51-4470,586-0037,壨撪挿栰巗忋尨挰係俈係亅侾丂儔丒儊乕儖俀侽俀崋幒,姅幃夛幮僼傿僼僥傿乕丒僙僇儞僪,仜,仜,仜,仜,2021/06/01,,
2760700068,幮夛暉巸朄恖丂壨撪挿栰巗幮夛暉巸嫤媍夛儂乕儉僿儖僾僒乕價僗,0721-64-9000,0721-64-0222,586-0041,壨撪挿栰巗婌懡挰俇俇俁斣侾丂 ,幮夛暉巸朄恖丂壨撪挿栰巗幮夛暉巸嫤媍夛,,仜,,,2012/08/01,,
2760700225,徏偺栘朘栤夘岇僗僥乕僔儑儞,0721-69-5058,0721-69-5058,586-0067,壨撪挿栰巗撿惵梩戜俇斣侾俀崋丂 ,姅幃夛幮尨揷夘岇僙儞僞乕,仜,仜,仜,仜,2021/05/01,,
2760700019,忈奞幰丒帣抧堟惗妶巟墖僒乕價僗傜傞偛,0721-26-7527,0721-26-7528,586-0068,壨撪挿栰巗杒惵梩戜俀亅侾俇丂俴倎們倛倕倢値倱丂俧倰倳値侾奒,桳尷夛幮僄僀僐乕,仜,仜,仜,仜,2008/09/01,,
2764900037,僿儖僾僙儞僞乕傆偋傟偡偲,0721-60-0030,0721-60-0040,586-0069,壨撪挿栰巗愇暓侾侾俇亅俁丂,摿掕旕塩棙妶摦朄恖丂偸偔傕傝,,,,,2008/09/01,,
2760700050,摿掕旕塩棙妶摦朄恖抧堟巟墖僙儞僞乕偁備傒朘栤夘岇偁備傒,0721-63-0113,0721-63-0113,586-0076,壨撪挿栰巗戝栴慏杒挰俀亅侾俆丂,摿掕旕塩棙妶摦朄恖抧堟巟墖僙儞僞乕偁備傒,,,,,2010/03/01,,
2760700241,忋栰僿儖僷乕僗僥乕僔儑儞,0721-63-6277,0721-63-2555,586-0077,壨撪挿栰巗撿壴戜堦挌栚侾俇斣俇崋丂 ,桳尷夛幮忋栰働傾僾儔儞僙儞僞乕,仜,仜,仜,仜,2021/08/01,,
2766600023,働傾僙儞僞乕偁偍偄,072-361-6002,072-361-6003,587-0002,嶄巗旤尨嬫崟嶳侾俆俀亅俀俇丂 ,摿掕旕塩棙妶摦朄恖儚乕僋僒億乕僩傂傑傢傝,仜,仜,仜,仜,2016/04/01,,
2766600189,働傾僙儞僞乕幍梉,080-4809-3963, ,587-0063,嶄巗旤尨嬫戝嬂俁俁俀斣侾崋丂 ,崌摨夛幮幍梉,仜,仜,仜,仜,2024/08/01,,
2769300035,儔僼儖丒僿儖僷乕僗僥乕僔儑儞,072-360-4527,072-360-4528,589-0005,戝嶃嫹嶳巗嫹嶳堦挌栚俀俁俆侾亅侾丂惵梩僴僀僣侾侽俁,姅幃夛幮儔僼儖,仜,仜,仜,仜,2018/04/01,,
2769300167,偮偳偄,072-368-2852,072-368-2853,589-0005,戝嶃嫹嶳巗嫹嶳擇挌栚俉俋俉斣抧偺俈丂僒儞僔儍僀儞嫹嶳侾侽俇崋幒,崌摨夛幮偮偳偄,仜,仜,仜,仜,2020/07/01,,
2769300027,働傾僗僥乕僔儑儞傆傟垽偝傗傑,072-366-1917,072-366-1917,589-0007,戝嶃嫹嶳巗抮怟拞堦挌栚俀斣侾侽崋丂 ,摿掕旕塩棙妶摦朄恖丂傆傟垽偝傗傑,仜,仜,仜,仜,2016/07/01,,
2769300175,偼傄偹偡朘栤夘岇,072-247-5102,072-247-5101,589-0011,戝嶃嫹嶳巗敿揷擇挌栚係俇俉斣抧偺俆丂 ,姅幃夛幮丂働傾僴僺僱僗,仜,仜,仜,,2023/09/01,,
2769300019,儔僀僼働傾僒億乕僩偺傫偺傫,072-349-8577,072-349-8578,589-0013,戝嶃嫹嶳巗洌湮栘榋挌栚侾侽俉俁亅侾丂 ,堦斒幮抍朄恖丂壐壐,仜,仜,仜,仜,2016/05/01,,
2769300183,僴僺僱僗儔儃,072-366-1206,072-366-1207,589-0013,戝嶃嫹嶳巗洌湮栘巐挌栚俀係俇斣侾崋俛崋幒丂 ,堦斒幮抍朄恖僴僺僱僗儔儃,仜,仜,仜,仜,2024/01/01,,
2769300050,朘栤夘岇僗僥乕僔儑儞榓壒,072-220-6893,072-220-6893,589-0013,戝嶃嫹嶳巗洌湮栘俁挌栚侾俁俈俁斣抧偺侾係丂 ,姅幃夛幮俵倕倓倝們倎倢丂俵倝倰倎倝,仜,仜,仜,仜,2019/07/01,,
2769300043,朘栤夘岇僙儞僞乕偝偪,072-360-0530,072-360-0531,589-0023,戝嶃嫹嶳巗戝栰戜擇挌栚侾侾斣俇崋丂 ,僕儏乕僼儗乕儖姅幃夛幮,仜,仜,仜,仜,2019/04/01,,
2766000240,朘栤夘岇僒乕價僗徫婄偺斷,072-267-4276,072-268-2030,590-0007,嶄巗嶄嬫杒彲挰堦挌俀斣俇崋丂 ,崌摨夛幮夒垷僌儖乕僾,仜,仜,仜,仜,2017/05/01,,
2766000414,垽偺庤,072-228-5239,072-228-1521,590-0011,嶄巗嶄嬫崄働媢挰巐挌侾斣侾俆崋丂 ,崌帒夛幮僷儔儊僨傿僇儖,仜,仜,仜,仜,2020/11/01,,
2766000422,桪僿儖僷乕僗僥乕僔儑儞,072-222-5050,072-222-5060,590-0011,嶄巗嶄嬫崄働媢挰堦挌俋斣俀俇崋丂 ,崌摨夛幮儔僢僔儏僾儗儈傾,,,,,2021/02/01,,
2766000471,朘栤夘岇僔儕僂僗丂嶄揦丂,072-247-5105,072-247-5106,590-0011,嶄巗嶄嬫崄働媢挰堦挌俁斣俆崋丂拞搰僴僀僣侾奒,姅幃夛幮僔儕僂僗,仜,仜,仜,仜,2024/11/01,,
2766000091,僄僗僩偁偝傂夘岇僒乕價僗,072-229-4647,072-229-4647,590-0012,嶄巗嶄嬫愺崄嶳挰嶰挌俀斣俁崋丂,姅幃夛幮丂僄僗僩,,,,,2008/09/01,,
2766000158,働傾僒億乗僩偟偺偺傔,072-282-4344,072-282-4345,590-0013,嶄巗嶄嬫搶塤惣挰係亅俈亅俇丂,幮夛暉巸朄恖帺棫巟墖嫤夛,,,,,2012/04/01,,
2766500116,側側偄傠夘岇僙儞僞乕,072-242-7160,072-242-7441,590-0013,嶄巗嶄嬫搶塤惣挰堦挌俇斣俆崋丂僔儍僩乕嶄侾俥,姅幃夛幮丂倂倧倧倓,仜,仜,仜,仜,2015/03/01,,
2766000141,働傾俀侾嶄,072-282-0521,072-282-0621,590-0021,嶄巗嶄嬫杒嶰崙働媢挰俉挌俉亅侾俆丂俢俬俤丂俲俙俛俬俶俤俁奒俧崋幒,姅幃夛幮丂働傾俀侾,仜,仜,仜,仜,2012/01/01,,
2766000018,僄乕儖丒僕儍僷儞,072-224-2700,072-224-2770,590-0021,嶄巗嶄嬫杒嶰崙働媢挰堦挌侾斣俁俈崋丂儊僝儞嶰崙儢媢侾侽侾崋,摿掕旕塩棙妶摦朄恖丂僄乕儖,,,,,2008/09/01,,
2766000455,傂偲偄傠働傾僙儞僞乕,072-260-9477,072-260-9478,590-0022,嶄巗嶄嬫拞嶰崙働媢挰幍挌栚係斣係崋丂 ,姅幃夛幮側側偄傠丒傂偲偄傠働傾僙儞僞乕,仜,仜,仜,仜,2023/06/01,,
2766000430,怱偁偄嶰崙儢媢,072-275-7783,072-275-7883,590-0026,嶄巗嶄嬫岦椝惣挰嶰挌俆亅俁侾丂儊僝儞僪俵嘦俀侽俀崋,偟傫偁偄姅幃夛幮,仜,仜,仜,仜,2021/02/01,,
2766000448,朘栤夘岇帠嬈強傆傟傫偳,072-225-0355,072-225-0375,590-0048,嶄巗嶄嬫堦忦捠侾俋斣俀俁崋丂 ,堦斒幮抍朄恖朁桭夛,仜,仜,仜,仜,2022/03/01,,
2766000034,偮偔偟偺夛朘栤夘岇僙儞僞乕,072-238-4331,072-238-4338,590-0061,嶄巗嶄嬫墺嫶挰堦挌俋斣侾俆崋丂,僆儉擇僋僗丂姅幃夛幮,,,,,2008/09/01,,
2766000489,朘栤夘岇帠嬈強傗側偓丂嶄揦,072-225-1180,072-225-1181,590-0061,嶄巗嶄嬫墺嫶挰堦挌侾斣侾崋丂儈僫儖僐價儖俋侽侾崋,姅幃夛幮僀僲儀乕僔儑儞僱僋僒僗,仜,仜,仜,仜,2025/02/01,,
2766400234,僞僀僈働傾僒億乕僩,072-203-0737,072-203-0737,590-0102,嶄巗撿嬫榓揷搶俀俋俁斣侾亅侾侽俁崋丂 ,桳尷夛幮俶俤倂丂俠俷俴俷俼俽,仜,仜,仜,仜,2025/12/01,,
2766400077,僿儖僷乕僗僥乕僔儑儞傒傜偄僒億乕僩,072-320-7067,072-370-5011,590-0105,嶄巗撿嬫抾忛戜巐挌侾斣俆崋俠亅俀俥丂 ,崌摨夛幮傒傜偄,仜,仜,仜,仜,2019/06/01,,
2766400010,俶俹俷朄恖塰桭幮嫃戭夘岇僙儞僞乕,072-291-0294,072-291-0295,590-0116,嶄巗撿嬫庒徏戜擇挌侾斣係亅侾侽俈崋丂,摿掕旕塩棙妶摦朄恖丂塰桭幮,,,,,2008/09/01,,
2766400036,儔僀僼僒億乕僩僕儑僀僋儔僽,072-292-5960,072-292-5960,590-0125,嶄巗撿嬫敨働曱帥侾俆俁俆斣抧丂,姅幃夛幮丂偁傫偳丒偙偁,,,,,2008/09/01,,
2766400028,愮桭夘岇僒乕價僗僗僥乕僔儑儞,072-297-6974,072-297-7130,590-0133,嶄巗撿嬫掚戙戜擇挌俁斣俁崋丂,桳尷夛幮丂僒儞丒儀僗僥儉,,,,,2008/09/01,,
2766400242,働傾儂乕儉怱,072-288-7980,072-288-7981,590-0134,嶄巗撿嬫屼抮戜擇挌俀係斣俁崋丂 ,姅幃夛幮峅壚,仜,仜,仜,仜,2026/02/01,,
2766400069,僴乕僩僼儖僒儞僋,072-298-2871,072-295-8802,590-0141,嶄巗撿嬫搷嶳戜嶰挌侾斣俁崋丂 ,姅幃夛幮僴乕僩僼儖僒儞僋,仜,仜,仜,仜,2018/08/01,,
2761200027,僿儖僷乕僗僥乕僔儑儞傂傠,072-425-6404,072-425-6135,590-0441,愹撿孲孎庢挰媣曐嶰挌栚俋斣俀侽崋丂 ,姅幃夛幮丂桭,仜,仜,仜,仜,2014/04/01,,
2761200019,偁偄偐傓僿儖僷乕僗僥乕僔儑儞,072-453-2112,072-453-2181,590-0457,愹撿孲孎庢挰挬戙搶擇挌栚俈斣侾崋丂僯儏乕孎庢僞僂儞俀奒,桳尷夛幮丂傾僀傾乕儖丒僾儔儞僯儞僌,仜,仜,仜,仜,2008/09/01,,
2765600073,朘栤夘岇僗儅僀儖働傾傄傘偁,072-479-3953,072-479-3954,590-0521,愹撿巗扢堜俀亅侾俇亅俉丂 ,崌摨夛幮僯儏乕僺儏傾儕僆,仜,仜,仜,仜,2020/02/01,,
2765600065,忈奞幰巟墖帠嬈傆偔傠偆,072-468-7676,072-468-7679,590-0531,愹撿巗壀揷俀挌栚俀俇侽斣抧丂 ,姅幃夛幮傆偔傠偆,仜,仜,仜,仜,2019/07/01,,
2766000463,偗傗偒僒億乕僩,072-242-3063,072-242-3065,590-0825,嶄巗嶄嬫徍榓捠係斣俇侾崋丂 ,姅幃夛幮偗傗偒僒億乕僩,仜,仜,仜,仜,2024/10/01,,
2764800054,傆偭偒帺棫巟墖僒乕價僗,072-275-8086,072-275-8087,590-0829,嶄巗嶄嬫搶柀挰嶰挌俀俀俀亅俁丂 ,姅幃夛幮丂僫僀僗僒億乕僩,仜,仜,,仜,2008/09/01,,
2766000216,朘栤夘岇僗僥乕僔儑儞桰,072-282-7770,072-282-7535,590-0837,嶄巗嶄嬫攼栘挰係挌俀斣俈亅侾崋丂 ,崌摨夛幮丂俲倄俶,仜,仜,,,2014/11/01,,
2766000125,夘岇僒乕價僗僗僥乕僔儑儞偡偢傜傫,072-228-9551,072-226-6789,590-0953,嶄巗嶄嬫峛斻挰搶俀挌侾斣侾係崋丂俧乕倵倝們價儖俁奒,桳尷夛幮傾億僾儘儌乕僩,仜,仜,仜,仜,2011/12/01,,
2766000497,朘栤夘岇僷僉儔,072-246-9800,072-246-9986,590-0960,嶄巗嶄嬫彮椦帥挰惣堦挌侾斣俉崋丂俹俽俧價儖係侽侾崋幒,姅幃夛幮僩儔僗僩丒僐僂僷儗僀僔儑儞,仜,仜,仜,仜,2025/05/01,,
2766000026,僄價僗僕儅儔僀僼儂乕儉僿儖僾僒乕價僗,072-221-1525,072-222-3389,590-0985,嶄巗嶄嬫廭搰挰堦挌俁係斣抧侾丂,廭搰嬥懏岺嬈丂姅幃夛幮,,,,,2008/09/01,,
2766500405,僔儍乕僋儔僀僼働傾朘栤夘岇丂嫃廳摨峴堏,090-8376-1001,050-3457-9363,591-8002,嶄巗杒嬫杒壴揷挰堦挌侾侽斣抧俁俋丂 ,姅幃夛幮俽俫俙俼俲,仜,仜,仜,仜,2023/11/01,,
2766500199,働傾僙儞僞乕側偺偼側,072-240-0115,072-240-0116,591-8007,嶄巗杒嬫墱杮挰擇挌係斣抧侾丂 ,姅幃夛幮惞,仜,仜,仜,仜,2018/11/01,,
2766500207,偼偆偡偁偑傌偉,072-247-8783,072-247-8784,591-8011,嶄巗杒嬫撿壴揷挰俉侾斣抧侾丂僂僢僘傾乕僶儞價儖俆侽俇崋幒,傾僈儁乕朘栤夘岇僙儞僞乕姅幃夛幮,仜,仜,仜,仜,2019/03/01,,
2766500124,傾儉乕儖働傾,072-240-1820,072-240-1821,591-8021,嶄巗杒嬫怴嬥壀挰屲挌俁亅侾俀俆丂捯栰價儖俀侽俁崋,崌摨夛幮丂傾儉乕儖,仜,仜,仜,仜,2015/03/01,,
2766500389,僗僞乕僩傾僢僾朘栤夘岇,072-246-3180,072-246-3181,591-8021,嶄巗杒嬫怴嬥壀挰嶰挌係斣俆崋丂 ,僗僞乕僩傾僢僾崌摨夛幮,仜,仜,仜,仜,2021/03/01,,
2766500397,朘栤夘岇僗僥乕僔儑儞偁偐傑傫傑,072-255-2010,072-256-4646,591-8021,嶄巗杒嬫怴嬥壀挰俆亅俉亅俁俀俈丂懞揷廧戭撿搶俀崋,摿掕旕塩棙妶摦朄恖偲傕,仜,仜,仜,仜,2022/04/01,,
2766500025,倁俬倁俷働傾僠乕儉,072-259-1967,072-259-1966,591-8022,嶄巗杒嬫嬥壀挰俀係係俉斣抧丂,桳尷夛幮丂倁俬倁俷,仜,仜,仜,仜,2008/09/01,,
2766500132,愮惏朘栤夘岇僒乕價僗,072-275-9917,072-275-9917,591-8022,嶄巗杒嬫嬥壀挰俀俀侽俁斣抧丂 ,姅幃夛幮崄愳,仜,仜,仜,仜,2015/07/01,,
2766500157,儔僀僼僒億乕僩憈,072-247-9774,072-247-9775,591-8022,嶄巗杒嬫嬥壀挰侾俋俉俉斣抧丂庻儅儞僔儑儞嘦崋娰俀侽俆崋,崌摨夛幮俿倰倝値倝倲倷丂俼倕亅俠倰倕倎倲倕,仜,仜,仜,仜,2016/04/01,,
2766500165,僿儖僷乕僗僥乕僔儑儞丂僆僴僫,072-240-0870,072-240-0875,591-8022,嶄巗杒嬫嬥壀挰俀係俀俋丂僙僺傾嬥壀侾侽俀,崌摨夛幮偒偢側働傾,仜,仜,仜,仜,2016/07/01,,
2766500140,偐偍傝偺愹丂儔僀僼働傾,072-275-7508,072-275-5187,591-8037,嶄巗杒嬫昐愩捁愒敤挰堦挌俁俈斣抧丂 ,姅幃夛幮丂偄偯傒,仜,仜,仜,仜,2015/08/01,,
2766500371,儔僀僼働傾僒乕價僗,072-275-4523,072-275-4524,591-8041,嶄巗杒嬫搶塤搶挰巐挌俀亅俀丂 ,姅幃夛幮儔僀僼僗僥乕僕,仜,仜,仜,仜,2020/10/01,,
2766500033,夘岇僒乕價僗僗儅僀儖俉,072-201-3000,072-201-3500,591-8043,嶄巗杒嬫杒挿旜挰俇亅係亅侾俈丂,姅幃夛幮僗儅僀儖,,,,,2009/06/01,,
2765300179,傁傞僿儖僷乕僗僥乕僔儑儞,072-230-4623,072-242-4927,592-0003,崅愇巗搶塇堖榋挌栚侾斣俁俀亅俀侽侾崋丂 ,姅幃夛幮僸働儞僼傿乕儖僪,,仜,仜,仜,2024/03/01,,
2765300021,僄儖働傾姅幃夛幮僄儖働傾崅愇働傾僙儞僞乕,072-242-8423,072-242-8433,592-0004,崅愇巗崅巘昹嶰挌栚俀侾斣侾崋丂崅愇徏晽儅儞僔儑儞俀侽侾崋幒,僄儖働傾丂姅幃夛幮,仜,仜,仜,仜,2014/01/01,,
2765300013,僴乕僩僼儖働傾傗偝偟偄庤,072-267-5257,072-267-5258,592-0005,崅愇巗愮戙揷榋挌栚俇斣俀俁崋丂,桳尷夛幮丂傗偝偟偄庤,,,,,2008/09/01,,
2765306036,偁傫傝働傾,072-268-2067,072-260-9642,592-0005,崅愇巗愮戙揷堦挌栚俈斣俉亅俀侽侾崋丂 ,崌摨夛幮偁傫傝働傾,仜,仜,仜,仜,2025/05/01,,
2765300039,働傾僒乕價僗丂偒偢側,072-320-7007,072-320-4591,592-0012,崅愇巗惣庢愇嶰挌栚俆斣俀俇崋丂 ,崌摨夛幮丂倄倧倳仌倣倕,仜,仜,仜,仜,2016/08/01,,
2765300153,儂乕儉働傾偄傠偼,072-262-8168,072-262-8170,592-0012,崅愇巗惣庢愇堦挌栚侾係斣侾俈崋丂僣僀儞僩僲僉,崌摨夛幮偄傠偼,,仜,仜,,2021/06/01,,
2765300187,寀偺棦夘岇帠嬈強,080-2425-2958,072-247-7372,592-0013,崅愇巗庢愇嶰挌栚侾斣係崋丂 ,姅幃夛幮寀,仜,仜,仜,仜,2024/03/01,,
2765300047,夘岇巟墖僙儞僞乕偁偭偨偐僗儅僀儖,072-275-4008,072-275-4028,592-0014,崅愇巗埢墍俈亅俁亅俁俆丂孂扟價儖俁侽俁崋幒,姅幃夛幮僸儏乕儅儞僪儕乕儉,仜,仜,仜,仜,2019/12/01,,
2765300161,俽亅俹俷俼俿夘岇僙儞僞乕,072-220-6007,072-220-6007,592-0014,崅愇巗埢墍嶰挌栚侾俀斣俁俁崋丂 ,姅幃夛幮俽仌俙,仜,仜,仜,仜,2022/11/01,,
2766300319,偁傝傫側,072-256-4397,072-256-4398,592-8333,嶄巗惣嬫昹帥愇捗挰惣巐挌俀俈斣係崋丂 ,俙俼俬俶俶俙崌摨夛幮,仜,仜,仜,仜,2022/09/01,,
2766300327,朘栤夘岇儅儈乕僪儕乕儉,072-370-1180,072-370-1181,592-8335,嶄巗惣嬫昹帥愇捗挰搶嶰挌侾斣侾俆崋丂侾奒,崌摨夛幮僔儖僶乕僪乕儞,仜,仜,仜,仜,2022/10/01,,
2766300376,僗僞乕僩働傾,072-206-6000,072-323-5481,592-8347,嶄巗惣嬫昹帥恴朘怷挰惣擇挌俋俋斣俁崋丂僴僀僣僗儚,崌摨夛幮儕丏僗僞乕僩,仜,仜,仜,仜,2025/06/01,,
2766300335,儊僨傿僾儔僗朘栤夘岇僙儞僞乕,072-267-4076,072-267-4096,592-8348,嶄巗惣嬫昹帥恴朘怷挰拞擇挌侾俉俇斣抧侾丂 ,姅幃夛幮丂儊僨傿僾儔僗,仜,仜,仜,仜,2023/07/01,,
2766300368,朘栤夘岇偍嫑偺壠僴儖偪傖傫,072-281-7757,072-281-7757,593-8301,嶄巗惣嬫忋栰幣挰嶰挌俇斣侾俀亅俆侽俇崋丂 ,崌摨夛幮偍嫑偺壠僴儖偪傖傫,仜,仜,仜,仜,2025/05/01,,
2766300087,偁偒偮,072-279-2615,072-279-2617,593-8302,嶄巗惣嬫杒忦挰堦挌俁斣俇崋丂 ,摿掕旕塩棙妶摦朄恖丂師悽戙堢惉丒彮巕壔懳嶔尋媶夛,仜,仜,仜,仜,2013/10/01,,
2766300343,朘栤夘岇帠嬈強偡偰偭傉,072-281-8068,072-281-8067,593-8303,嶄巗惣嬫忋栰幣岦儢媢挰堦挌俀斣侾俆崋丂 ,姅幃夛幮俷倳倰丂俹倢倎們倕,仜,仜,仜,仜,2024/10/01,,
2766300061,傾僢僾儔僀僼夘岇僒乗價僗,072-260-5005,072-260-5006,593-8308,嶄巗惣嬫恄栰挰俁挌俆斣俀俉崋丂,働傾僘僾儔儞僯儞僌姅幃夛幮,,,,,2012/03/01,,
2766300137,偺傫傃偂働傾僙儞僞乕,072-290-7063,072-290-7064,593-8311,嶄巗惣嬫忋俆俀俈斣抧俁丂 ,姅幃夛幮僄僗儔僀儞,仜,仜,仜,仜,2017/04/01,,
2766300350,働傾僗僥乕僔儑儞丂偙偙傞,072-349-3222,072-271-3712,593-8311,嶄巗惣嬫忋俇俁侽斣抧侾侾丂 ,姅幃夛幮俠倧們倧倢倧,仜,仜,仜,,2025/05/01,,
2766300152,嫃戭夘岇偐偑傗偒,072-260-5778,072-260-5779,593-8312,嶄巗惣嬫憪晹俁俈俉亅俁丂 ,姅幃夛幮傾僉,仜,仜,仜,仜,2019/07/01,,
2766300038,働傾僙儞僞乕傕傕偺栘,072-260-3353,072-260-3363,593-8324,嶄巗惣嬫朠搶挰嶰挌俀俇俇斣抧丂,桳尷夛幮丂垽巤懡,,,,,2008/09/01,,
2766300012,俽亅俷俶俤夘岇僙儞僞乕,072-264-1018,072-264-1018,593-8326,嶄巗惣嬫朠惣挰擇挌侾俆斣侾侽崋丂僴僀儉乕儞侾侽俀崋,桳尷夛幮丂俙倄俙俶俷,,,,,2008/09/01,,
2766300020,夘岇僙儞僞乕僗儅僀儖,072-288-7272,072-288-7272,593-8327,嶄巗惣嬫朠拞挰屲挌侾俆俁斣抧侾丂 ,姅幃夛幮僗儅僀儖働傾僒億乕僩,,,,,2008/09/01,,
2766300095,偔傜偟偄偒偄偒働傾僒億乕僩傢偐偽,072-261-8828,072-261-8872,593-8327,嶄巗惣嬫朠拞挰敧挌俁斣俋崋丂 ,崌摨夛幮丂棃柌,仜,仜,仜,仜,2014/03/01,,
2766300384,備傞偭偲俲俿俶働傾僒億乕僩,072-288-4210,072-288-4220,593-8327,嶄巗惣嬫朠拞挰擇挌俀俁斣丂 ,姅幃夛幮儕儗僢僋僗,仜,仜,仜,仜,2025/08/01,,
2760500302,梲偩傑傝,0725-46-6432, ,594-0004,榓愹巗墹巕挰俋侾侽斣抧偺侾丂僌儔儞僐乕僩惞侾侽俇崋幒,姅幃夛幮寧揤巕,仜,仜,仜,仜,2022/05/01,,
2760500328,朘栤夘岇僗僥乕僔儑儞恖椡幮,0725-40-1881,0725-40-1807,594-0006,榓愹巗旜堜挰堦挌栚俋斣俉崋丂 ,桳尷夛幮傾僂僩丒僼傿乕儖僪,仜,仜,仜,,2023/08/01,,
2760500336,僿儖僷乕偼側偺怷,0725-43-7538,0725-41-5279,594-0023,榓愹巗攲懢挰堦挌栚侾侾斣俁侾崋丂 ,崌摨夛幮偼側偺怷,仜,仜,仜,仜,2024/07/01,,
2760500138,僿儖僷乕僗僥乕僔儑儞傄乕偡,0725-58-7777,0725-58-7778,594-0031,榓愹巗暁壆挰擇挌栚俁斣俁俋崋丂 ,摿掕旕塩棙妶摦朄恖偄偢傒偺夛僼儗儞僘,仜,仜,仜,仜,2016/06/01,,
2760500054,儂僒僫夘岇僗僥乗僔儑儞,0725-45-2441,0725-45-2441,594-0062,榓愹巗帥揷挰俀挌栚係斣俀俉崋丂,儂僒僫丂姅幃夛幮,,,,,2012/05/01,,
2760500294,朘栤夘岇偼側偄偪傝傫,0725-30-2934,0725-30-1129,594-0062,榓愹巗帥揷挰擇挌栚侾斣侾崋丂 ,桳尷夛幮偼側,仜,仜,仜,仜,2022/01/01,,
2760500096,僄儖働傾姅幃夛幮丂僄儖働傾戝嶃榓愹働傾僙儞僞乕,0725-40-5361,0725-40-5362,594-0071,榓愹巗晎拞挰俈挌栚俆斣係侾崋丂愺堜戞俀價儖侾侽侾崋幒,僄儖働傾丂姅幃夛幮,仜,仜,仜,仜,2013/04/01,,
2760500013,垽偺棦働傾僙儞僞乕,0725-40-6400,0725-40-6401,594-0071,榓愹巗晎拞挰堦挌栚俀俀斣俁崋丂,桳尷夛幮丂垽偺棦,,,,,2008/09/01,,
2760500112,夘岇僙儞僞乕丂儘僴僗,0725-58-7683,0725-58-7681,594-0082,榓愹巗晉廐挰堦挌栚俆斣俀俇崋丂 ,姅幃夛幮俴俷俫俙俽,仜,仜,仜,仜,2013/11/01,,
2760500062,僿儖僷乗僗僥乗僔儑儞丒僗儅僀儖,0725-58-7512,0725-58-7513,594-0083,榓愹巗抮忋挰嶰挌栚俈斣俁侽崋丂 ,幮夛暉巸朄恖擔杮僿儗儞働儔乕嵿抍,,,,,2012/05/01,,
2760500310,傢傢,0725-24-4030,0725-24-5680,594-0083,榓愹巗抮忋挰擇挌栚俆斣侾俇崋丂 ,姅幃夛幮俫俬俽倂俙倄,仜,仜,仜,仜,2023/08/01,,
2760500153,僗儅僀儖岦擔埁朘栤夘岇帠嬈強,0725-92-6682,0725-92-6767,594-1101,榓愹巗幒摪挰侾侾侽俁斣抧偺俁俀丂 ,姅幃夛幮俧丏俴丏俛丏,仜,仜,仜,仜,2017/11/01,,
2760500286,嫃戭夘岇僗僥乕僔儑儞丂億僐丒傾丒億僐,0725-37-9236,0725-37-9157,594-1101,榓愹巗幒摪挰俇侽俆斣抧偺侾丂 ,桳尷夛幮僔儞僐乕,仜,仜,仜,仜,2020/12/01,,
2760500039,帺棫巟墖僙儞僞乕備偲傝,0725-50-2700,0725-50-2701,594-1104,榓愹巗枩挰俁俉係斣抧丂,桳尷夛幮丂埉擔,,,,,2008/09/01,,
2760600185,朘栤夘岇僩儔僀働傾,0725-58-6588,0725-58-6613,595-0004,愹戝捗巗愮尨挰擇挌栚侾俇斣侾俆崋丂 ,塱炠媊崕姅幃夛幮,仜,仜,仜,仜,2021/04/01,,
2760600227,僿儖僷乕僗僥乕僔儑儞怱乮偙偙乯,0725-26-1187,0725-30-3835,595-0011,愹戝捗巗慮崻挰擇挌栚侾斣俀俀崋丂 ,崌摨夛幮偼傞偲,仜,仜,仜,仜,2025/11/01,,
2760600029,偡傒傟夘岇僒乕價僗,0725-20-6888,0725-20-6889,595-0016,愹戝捗巗忦撿挰俆斣俈崋丂僫僔儑僫儖儅儞僔儑儞侾侽係崋,桳尷夛幮丂僉儍僩儖丒僙僝儞,,,,,2008/09/01,,
2760600219,僿儖僷乕僗僥乕僔儑儞丂儐儖儕儔,0725-54-9400,0725-54-9041,595-0016,愹戝捗巗忦撿挰俆斣俈亅俀侽侾崋丂 ,僺乕僗儚乕僋崌摨夛幮,仜,仜,仜,仜,2025/09/01,,
2760600052,偁偐傝働傾,0725-20-5460,0725-20-5471,595-0024,愹戝捗巗抮塝挰堦挌栚侾俉斣俁俇崋丂 ,姅幃夛幮丂儈儕僆儞僷儚乕,仜,仜,仜,仜,2017/03/01,,
2760600060,僿儖僷乕僗僥乕僔儑儞傇偳偆偺栘,0725-33-6517,0725-33-6539,595-0024,愹戝捗巗抮塝挰侾挌栚俀俀斣俀侽亅侾崋丂僌儗僇乕儗侾俥,桳尷夛幮晵摳偺栘,仜,仜,仜,仜,2018/10/01,,
2760600201,巟墖僙儞僞乕偼偀偲,0725-90-4377,0725-90-4379,595-0038,愹戝捗巗擁挰惣俁斣俀侽崋丂 ,堦斒幮抍朄恖僕僃儞僩儖僴儞僘嫤夛,仜,仜,仜,仜,2024/10/01,,
2760600193,僒僼儔儞働傾僗僥乕僔儑儞,0725-21-2385,0725-92-7038,595-0072,愹戝捗巗徏擵昹挰擇挌栚俆斣俀俁崋丂 ,桳尷夛幮僒僼儔儞働傾僗僥乕僔儑儞,仜,仜,仜,仜,2024/09/01,,
2765400037,偒傜傜働傾拤壀,0725-33-2775,0725-33-6061,595-0804,愹杒孲拤壀挰攏悾嶰挌栚侾俀斣侾俆崋丂 ,崌摨夛幮僜僒僄僥傿,仜,仜,仜,仜,2018/07/01,,
2761104021,朘栤夘岇億儔僀僩働傾,072-447-4202,072-447-4202,596-0003,娸榓揷巗拞堜挰擇挌栚俇斣俁俇亅俁侽俉崋幒丂 ,崌摨夛幮俽倲倎値倓丂倳倫,仜,仜,仜,仜,2018/06/01,,
2761100011,朘栤夘岇帠嬈強傆傟偁偄愹,072-440-2752,072-440-2753,596-0005,娸榓揷巗弔栘埉挰俆斣侾俉崋丂,摿掕旕塩棙妶摦朄恖丂傆傟偁偄愹,,,,,2008/09/01,,
2761100110,垽偝傫偝傫働傾僗僥乕僔儑儞,072-447-8838,072-447-8859,596-0023,娸榓揷巗敧敠挰俋斣係侾崋丂旤擳棦僴僀僣俀侽俁崋幒,姅幃夛幮寢,仜,仜,仜,仜,2017/08/01,,
2761100060,忈奞幰巟墖僙儞僞乕娸榓揷巗幮嫤,072-423-8323,072-423-8894,596-0045,娸榓揷巗暿強挰俁亅侾俀亅侾丂,幮夛暉巸朄恖丂娸榓揷巗幮夛暉巸嫤媍夛,仜,仜,仜,仜,2012/09/01,,
2761100276,俙倝倰倱,072-437-1500,072-489-4777,596-0054,娸榓揷巗媨杮挰俀俋斣俀俋崋丂僔儍儞僽儖杒挰侾奒,姅幃夛幮僄傾乕僘,仜,仜,仜,仜,2023/10/01,,
2761100250,朘栤夘岇僇僀儞僪,072-430-0808,072-430-0807,596-0076,娸榓揷巗栰揷挰嶰挌栚俇斣俁侽崋丂怴愳戞俈價儖俁奒俁俀俀崋,姅幃夛幮俲俬俶俢,仜,仜,仜,仜,2022/01/01,,
2761100300,朘栤夘岇儈僆儕,090-9982-1040,072-442-9309,596-0077,娸榓揷巗忋挰俀俇斣侾侾崋丂 ,崌摨夛幮儈僆儕,仜,仜,仜,仜,2026/03/01,,
2761100094,抧堟惗妶巟墖僙儞僞乕偐傓偐傓,072-441-7639,072-441-2050,596-0821,娸榓揷巗彫徏棦挰俀侾侾係亅侾丂彫徏價儖俀俥,幮夛暉巸朄恖偄偢傒栰暉巸夛,仜,仜,仜,仜,2013/08/01,,
2761100292,朘栤夘岇偐側偆,072-444-9557,072-447-4269,596-0821,娸榓揷巗彫徏棦挰侾侽俈俁丂僼儘乕儗儞僗侾侽侾崋幒,堦斒幮抍朄恖偐側偆,仜,仜,仜,仜,2024/07/01,,
2761100078,俷俲僴僂僗彫徏棦,072-441-7752,072-441-7753,596-0821,娸榓揷巗彫徏棦挰俀侽俇係俵俲價儖侾侽俀崋丂,姅幃夛幮丂婱梲,,,,,2012/10/01,,
2761100284,僄乕儖僿儖僷乕僗僥乕僔儑儞,072-424-8616,072-439-5893,596-0827,娸榓揷巗忋徏挰俁侽俇侾斣抧丂 ,摗尨夘岇僗僥乕僔儑儞姅幃夛幮,仜,仜,仜,,2024/01/01,,
2761300017,傢偰傜働傾僒乕價僗,072-457-7080,072-457-7080,597-0033,奓捤巗敿揷擇挌栚俀俁斣俀俋崋丂 ,姅幃夛幮倂俙俿俤俼俼俙,仜,仜,仜,仜,2017/07/01,,
2761300033,儂乕儉働傾僒億乕僩嬁,072-457-6163,072-457-8536,597-0082,奓捤巗愇嵥俇俆俇斣抧侾丂 ,姅幃夛幮嬁,仜,仜,仜,仜,2019/09/01,,
2761300157,僿儖僷乕僗僥乕僔儑儞們倎倠倕,072-496-3694,072-496-5928,597-0083,奓捤巗奀捤俉俁亅侾丂僐乕僩僄儖僘僄僀僩侾侽俀崋,偨偐傜夘岇崌摨夛幮,仜,仜,仜,仜,2023/12/01,,
2761300140,價僢僌侓僗儅僀儖,072-446-0296,072-446-0298,597-0105,奓捤巗嶰僣徏侾俈俀俇亅俁俆丂 ,堦斒幮抍朄恖偠備偆,仜,仜,仜,仜,2022/07/01,,
2764500050,僋儔儕僱僢僩,072-461-0695,072-461-0696,598-0001,愹嵅栰巗忋姠壆係俆俁斣抧偺侾丂庒徏價儖,桳尷夛幮傾儞僟儞僥,仜,仜,,仜,2015/05/01,,
2764500084,婑傝垽俀俀,072-447-9923,072-447-9924,598-0001,愹嵅栰巗忋姠壆俇俇侾斣侾崋丂戞俀儕僸僩價儖係奒係侽俁,崌摨夛幮丂俽俤俙丂俴倧倴倕,仜,仜,仜,仜,2017/03/01,,
2764500092,朘栤夘岇傇偆偗,072-415-0102,072-474-1516,598-0001,愹嵅栰巗忋姠壆俇俇侾斣抧偺俀丂儕僸僩價儖俀奒俆崋幒,崌摨夛幮倛倎値倎,仜,仜,仜,仜,2017/12/01,,
2764500233,嫃戭夘岇僗僥乕僔儑儞僙儔償傿,072-479-7550,072-479-7570,598-0012,愹嵅栰巗崅徏搶堦挌栚侾侽斣俁俈亅俆侽侾崋丂愹嵅栰僙儞僞乕價儖僒僂僗僐傾俀侾,姅幃夛幮僴僢僺乕價僕儑儞,仜,仜,仜,,2026/03/01,,
2764500027,儔僀僩僄儞僕僃儖,072-425-4405,072-425-4405,598-0014,愹嵅栰巗埁挰侾亅俈亅係侾丂,崌帒夛幮僴乕儌僯乕儔僀僩僄儞僕僃儖,,,,,2009/05/01,,
2764500019,抧堟惗妶巟墖僙儞僞乕婌婑妝,072-467-3211,072-467-3212,598-0021,愹嵅栰巗擔崻栰俀俁俁侾亅侾丂,幮夛暉巸朄恖丂惔岝夛,仜,仜,仜,仜,2008/09/01,,
2764500076,慞丂朘栤夘岇帠嬈強,072-415-4649,072-415-0202,598-0021,愹嵅栰巗擔崻栰俀俇俋侽斣抧偺俆丂 ,崌摨夛幮丂慞,仜,仜,仜,仜,2016/11/01,,
2764500225,徫怱,072-457-3006,072-457-4006,598-0035,愹嵅栰巗撿拞妦堜俆俋俉斣抧偺侾丂 ,崌摨夛幮僗儅僀儖僒億乕僩,仜,仜,仜,仜,2020/07/01,,
2764500043,儔僀僼僒億乕僩偓傫側傫,072-467-2769,072-467-2762,598-0062,愹嵅栰巗壓姠壆俀俁侾斣抧侾丂 ,幮夛暉巸朄恖偄偪傚偆偺怷,仜,仜,,仜,2015/01/01,,
2764500100,忈奞帣幰僿儖僷乕僗僥乕僔儑儞儂儔僀僘儞,072-460-0770,072-460-0120,598-0071,愹嵅栰巗掃尨侾侽俈侾斣抧偺侾丂 ,幮夛暉巸朄恖悈暯夛,仜,仜,仜,仜,2019/05/01,,
2761200191,備偢僿儖僷乕僗僥乕僔儑儞,072-466-0235,072-466-0210,598-0092,愹撿孲揷怟挰媑尒俆侽俈斣抧俇丂 ,姅幃夛幮儅僫,仜,仜,仜,仜,2021/12/01,,
2769500188,傾償僯乕儖働傾僒乕價僗,072-457-7080,072-457-7080,599-0201,嶃撿巗旜嶈挰俈挌栚侾斣俋亅俁侽俁崋丂 ,堦斒幮抍朄恖俙倴倕値倝倰,仜,仜,仜,仜,2025/03/01,,
2769500162,朘栤夘岇僗僥乕僔儑儞丂僌儕乕儞僸儖,072-424-1605,072-424-3326,599-0212,嶃撿巗帺慠揷侾係俁侽斣偺侾丂 ,姅幃夛幮僌儕乕儞僸儖,仜,仜,仜,仜,2020/10/01,,
2769500170,摿掕旕塩棙妶摦朄恖偔傜偟偺偨偡偗偁偄偊傉傠傫偺夛,072-473-6606,072-473-6788,599-0223,嶃撿巗岝梲戜堦挌栚侾俇斣侾侽崋丂 ,摿掕旕塩棙妶摦朄恖偔傜偟偺偨偡偗偁偄偊傉傠傫偺夛,仜,仜,仜,仜,2023/10/01,,
2769500048,朘栤夘岇丂偡偙傗偐,072-481-2155,072-481-2166,599-0232,嶃撿巗敔嶌俀俉俈係斣抧偺俁俀係丂 ,姅幃夛幮丂俲仌俫,仜,仜,,仜,2015/12/01,,
2766200220,僒億乕僩僗僥乕僔儑儞僂僀儞僌僗,072-285-1325,072-285-1325,599-8107,嶄巗搶嬫敀嶋挰堦挌俀俁斣俀崋丂 ,姅幃夛幮摗僂僀儞僌僗,仜,仜,仜,仜,2020/10/01,,
2766200253,傆傞偝傐乕偲,072-288-1900,072-288-1901,599-8111,嶄巗搶嬫擔抲憫杒挰擇挌俀侾斣俁俇崋丂 ,姅幃夛幮傆傞偝傐乕偲,仜,仜,仜,仜,2025/09/01,,
2766200238,僗僲乕僼儗乕僋,072-286-9765,072-289-6245,599-8111,嶄巗搶嬫擔抲憫杒挰堦挌栚俁俈斣抧係丂 ,儀儗僓崌摨夛幮,仜,仜,仜,仜,2024/05/01,,
2765900630,朘栤夘岇丂傑傞,072-287-7707,072-287-7717,599-8116,嶄巗搶嬫栰怟挰俁俈俋亅侾俀丂 ,崌摨夛幮丂媣漭,仜,仜,仜,仜,2014/11/01,,
2766200014,僐僗儌僗僿儖僷乕僗僥乕僔儑儞傝乕傆,072-237-2882,072-235-7775,599-8121,嶄巗搶嬫崅徏侾俀俁斣抧丂 ,幮夛暉巸朄恖丂僐僗儌僗,仜,仜,仜,仜,2008/09/01,,
2766200063,傑偐側,090-9163-0029,072-236-0902,599-8123,嶄巗搶嬫杒栰揷俆係侾斣抧俆俋丂 ,堦斒幮抍朄恖備傔僼傽儈儕乕,仜,仜,仜,仜,2019/02/01,,
2766200246,偊偑偍朘栤夘岇僗僥乕僔儑儞,072-349-9716,072-349-9717,599-8123,嶄巗搶嬫杒栰揷係俈侾斣抧俀俀丂俀奒丂 ,姅幃夛幮偊偑偍,仜,仜,仜,仜,2024/11/01,,
2766100289,傗偡傜偓嬩妝晹僿儖僷乕僗僥乕僔儑儞嶇妝,072-234-3311,072-234-6160,599-8234,嶄巗拞嬫搚搩挰俀侽係係亅係係丂 ,摿掕旕塩棙妶摦朄恖傗偡傜偓嬩妝晹,仜,仜,仜,仜,2020/11/01,,
2766100339,傂偐傝働傾僗僥乕僔儑儞,072-270-2095,072-276-4095,599-8236,嶄巗拞嬫怺堜戲挰俁俀俇俆斣丂 ,姅幃夛幮俧倁俹儅僱乕僕儊儞僩,仜,仜,仜,仜,2025/12/01,,
2766100305,朘栤夘岇傾僀儕乕儔僀僼,072-283-4418,072-283-4418,599-8241,嶄巗拞嬫暉揷侾侽俀俁斣抧俉丂 ,傾僀儕乕儔僀僼崌摨夛幮,仜,仜,仜,,2023/10/01,,
2766100032,働傾僗僥乕僔儑儞宐斾庡,072-239-6262,072-239-6253,599-8246,嶄巗拞嬫揷墍俈俆俆斣抧俁丂,桳尷夛幮丂働傾丒僗僥乕僔儑儞宐斾庡,,,,,2008/09/01,,
2766100057,働傾僠乕儉偦傛偐偤,072-294-6665,072-234-3648,599-8253,嶄巗拞嬫怺嶃巐挌俉斣俆俇崋丂 ,姅幃夛幮丂擔杮僀儞僥儕傾僒乕價僗,仜,仜,仜,仜,2014/03/01,,
2766100271,傾僔僗僩儚乕僋,072-277-4165,072-277-4166,599-8262,嶄巗拞嬫敧揷杒挰俀俋俈斣侾丂 ,儚乕儖僪姅幃夛幮,仜,仜,仜,仜,2021/02/01,,
2766100297,働傾僒億乕僩偍偼側,072-276-6260,072-276-6261,599-8272,嶄巗拞嬫怺堜拞挰俈俇侾斣抧俁丂 ,崌摨夛幮儗傾,仜,仜,仜,仜,2023/09/01,,
2766100347,働傾僗僥乕僔儑儞傜傆偨偀,072-277-2181,072-275-6703,599-8273,嶄巗拞嬫怺堜惔悈挰侾俈俁俇斣抧俀丂 ,幮夛暉巸朄恖偽側側,仜,仜,仜,仜,2026/06/01,,
2766100065,傆偔偟傫價僕僢僩働傾,072-270-5001,072-270-5002,599-8273,嶄巗拞嬫怺堜惔悈挰俁俆俁俆斣抧丂 ,堦斒幮抍朄恖暉恑夛,仜,仜,仜,仜,2016/09/01,,
2766100321,朘栤夘岇僆儗儞僕,070-4108-2743, ,599-8275,嶄巗拞嬫搶敧揷俁係斣俆崋丂儀儖僼儖乕儖侾侽俈崋,姅幃夛幮俿俿俢,仜,仜,仜,仜,2023/12/01,,
2766100255,夘岇僗僥乕僔儑儞傒傜偄,072-270-7118,072-220-8736,599-8276,嶄巗拞嬫彫嶃侾俉俈斣抧侾俁丂 ,崌摨夛幮揤奀,仜,仜,仜,仜,2020/04/01,,
2769901121,儂乕儉僿儖僾僙儞僞乕傄偐僺僇棇惣,075-202-5391,075-202-5393,610-1141,嫗搒巗惣嫗嬫戝巬惣怴椦挰俆挌栚侾斣俋丂 ,摿掕旕塩棙妶摦朄恖帺戭惗妶墳墖抍傄偐僺僇,仜,仜,仜,仜,2022/03/01,,
2769901162,僿儖僷乕僗僥乕僔儑儞僼傽儈僄,075-755-7488,075-755-7488,617-0823,挿壀嫗巗挿壀堦挌栚俉斣俇崋丂僷儖僨儞僗挿壀嫗侾侽侾崋幒,姅幃夛幮俿俶倄俿,仜,仜,仜,仜,2022/06/01,,
2769911385,夘岇僗僥乕僔儑儞偔傞傒,0743-85-7767,0743-85-7768,630-0212,惗嬵巗捯挰俈俆俁斣抧丂恴朘搶惗嬵價儖俁侽侾,僼儕乕僇儔乕僘丂崌摨夛幮,仜,仜,仜,仜,2023/07/01,,
2769901113,偐偄偛僒億乕僩偁偝傂,0743-61-5651,0743-61-5652,630-0252,惗嬵巗嶳嶈挰侾俀斣俀俀崋丂嶗僴僂僗俀侽俇崋,姅幃夛幮僄僀僠僣乕僆乕,仜,仜,仜,仜,2022/03/01,,
2769900677,幮夛暉巸朄恖丂惵梩恗夛,0742-81-0420,0742-81-0804,630-2152,撧椙巗瀃僲愳挰俆侽亅侾丂,幮夛暉巸朄恖丂惵梩恗夛,,,,,2012/08/01,,
2769900420,僿儖僾僗僥乕僔儑儞偳偆偱,0743-86-2211,0743-86-2210,630-2205,嶳曈孲嶳揧懞戝帤嬎嶳俈係斣抧丂 ,摿掕旕塩棙妶摦朄恖丂偳偆偱,,,,,2010/08/01,,
2769901014,嫃戭夘岇僒乕價僗偰偔偰偔,0742-93-4186,0742-93-4186,630-8001,撧椙巗朄壺帥挰侾俆俁斣抧偺係丂彫弔價儖,摿掕旕塩棙妶摦朄恖傁傞傁傞,仜,仜,仜,,2020/02/01,,
2769900883,幮夛暉巸朄恖丂拞愳夛,0742-24-3311,0742-24-3800,630-8104,撧椙巗撧椙嶃挰侾俇俈斣抧丂 ,幮夛暉巸朄恖丂拞愳夛,仜,仜,仜,仜,2016/12/01,,
2765500406,忈偑偄幰巟墖帠嬈強傾僀儕僗,050-5243-4662,0742-49-5823,630-8241,撧椙巗崅揤挰俀俈丂俽俫俼價儖俀侽侾崋,崌摨夛幮僙儞僩儔儖僆僼傿僗,仜,仜,仜,仜,2021/04/01,,
2769900347,偼偭傄偂,0742-20-6636,0742-20-6637,630-8357,撧椙巗悪働挰俆俈亅俀亅侾侽俀丂,桳尷夛幮栰,,,,,2010/02/01,,
2769901170,暉巸帠嬈強儔儀儞僟乕,090-8387-0884,0774-73-5775,631-0804,撧椙巗恄岟巐挌栚侾斣抧俉丂儖乕僾恄岟俁侽俀,崌摨夛幮僀僘僾儘僕僃僋僩,仜,仜,仜,仜,2022/08/01,,
2769900123,儔僀僼儀乕僗桳尷夛幮,0742-47-1926,0742-47-1926,631-0843,撧椙巗旸揷挰俁亅俀亅俈丂,儔僀僼儀乕僗桳尷夛幮,,,,,2008/09/01,,
2769901287,働傾僗僥乕僔儑儞傒偐傫,0743-61-5748,0743-61-5244,632-0245,撧椙巗錫惗挰侾俉侾俁斣抧偺俀俇丂 ,崌摨夛幮朘栤夘岇傒偐傫,,仜,,,2024/07/01,,
2769900743,僀儖僇僗僥乕僔儑儞,0744-22-3890,0744-22-3890,634-0009,妧尨巗拞挰俋俈斣抧俀崋丂 ,幮夛暉巸朄恖傗傑偲,仜,仜,仜,仜,2014/04/01,,
2769900917,働傾僙儞僞乕嶗壺,0744-35-3771,0744-35-3771,635-0151,崅巗孲崅庢挰戝帤壓巕搰俆俈斣抧偺俀偺俀丂 ,堦斒幮抍朄恖嶗擳夛,仜,仜,仜,仜,2017/04/01,,
2769900891,嶗庻,0745-43-5441,0745-43-5442,636-0012,杒妺忛孲墹帥挰杮挰屲挌栚侾係斣俀俈崋丂 ,姅幃夛幮僇儚儌僩僾儗僕儍乕僌儖乕僾,仜,仜,仜,仜,2017/01/01,,
2769901220,嫃戭夘岇丒堏摦巟墖帠嬈強僐乕儖,0745-32-0477,0745-32-0477,636-0811,惗嬵孲嶰嫿挰惃栰搶榋挌栚係斣俁係崋丂 ,崌摨夛幮丂捽,,仜,仜,仜,2023/07/01,,
2769900859,朘栤夘岇僗僥乕僔儑儞偁偄,0745-44-8946,0745-44-8947,636-0822,惗嬵孲嶰嫿挰棫栰撿俀亅侾係亅俈丂嶰幒嶳僐乕僾僞僂儞俈亅侾侽俀,俲丏俢丏俵姅幃夛幮,仜,仜,仜,仜,2016/07/01,,
2769900792,桭岅墤僿儖僷乕僗僥乕僔儑儞僐僗儌僗,0747-26-1818,0747-23-0101,637-0014,屲瀶巗廧愳挰侾係俀俇斣抧丂 ,幮夛暉巸朄恖丂嶰庻暉巸夛,仜,仜,仜,仜,2015/03/01,,
2769901246,峴摦墖岇帠嬈強偔傞傒,080-4978-8598, ,637-0041,屲瀶巗杮挰擇挌栚俈斣俈崋丂 ,偔傞傒崌摨夛幮,仜,仜,仜,仜,2024/05/01,,
2769900164,偦乣傞,0745-77-8788,0745-76-8614,639-0261,崄幣巗擈帥俇侾俇丂,幮夛暉巸朄恖埲榓婱夛,,,,,2008/09/01,,
2769901345,僿儖僷乕僗僥乕僔儑儞儂乕僗俀,073-402-0330,073-402-0331,640-8067,榓壧嶳巗堦嬝栚俀俇丂 ,桳尷夛幮倁倝倁倝倖倎倢倎搰備偐偙,仜,仜,仜,仜,2025/12/01,,
2769900479,朘栤夘岇僗僥乕僔儑儞嵷偺壺,073-451-6700,073-451-6868,640-8471,榓壧嶳巗慞柧帥俆俋俆亅侾丂 ,桳尷夛幮僾儔儞僯儞僌庣嶳,仜,仜,仜,仜,2011/05/01,,
2769900438,偙偡傕偡夘岇僙儞僞乕,0735-22-8658,0735-22-8718,647-0033,怴媨巗惔悈尦俀亅俀亅侾俉丂,姅幃夛幮偙偡傕偡,,,,,2010/11/01,,
2769900404,姅幃夛幮僐僗儌働傾,078-382-4125,078-382-4127,650-0022,恄屗巗拞墰嬫尦挰捠係亅俇亅侾俈丂,姅幃夛幮僐僗儌働傾,,,,,2010/07/01,,
2769901295,朘栤夘岇僌儘乕僶儖丂恄屗拞墰帠嬈強,078-595-9811,078-595-9814,650-0031,恄屗巗拞墰嬫搶挰侾俀俁斣抧侾丂杅堈價儖俈侾侽崋,姅幃夛幮俧俤,仜,仜,仜,仜,2025/02/01,,
2769900115,偼側夘岇僒乕價僗,078-984-5709,078-984-5719,651-1313,恄屗巗杒嬫桳栰拞挰俁亅侾俆亅侾俋丂,桳尷夛幮僨儕僷,,,,,2008/09/01,,
2769901337,朘栤夘岇俛倀俴俴埌壆,0797-52-4119,0797-57-8369,659-0095,埌壆巗搶埌壆挰俁斣俇亅侾侽俆崋丂 ,俹仌倄姅幃夛幮,仜,仜,仜,仜,2025/12/01,,
2769900065,擈嶈働傾僗僥乕僔儑儞,06-6430-2101,06-6430-2105,660-0052,擈嶈巗幍徏挰俀亅俇亅侾俁丂,怴擔杮僌儖乕僾姅幃夛幮,,,,,2008/09/01,,
2769901253,僉儔僉儔僴乕僩帠嬈強,06-6416-3050,06-6416-3060,660-0075,擈嶈巗戝彲拞捠嶰挌栚侾係斣抧偺俀丂 ,怱偺婸偒崌摨夛幮,仜,仜,仜,仜,2024/06/01,,
2769900297,傜偔傆偔擈嶈働傾僙儞僞乕,06-6481-0124,050-3569-9572,660-0803,擈嶈巗挿廎杮捠侾亅俀亅侾丂昹價儏乕僴僀僣俇侾侽,姅幃夛幮妝暉夛,,,,,2009/06/01,,
2769900321,儁儕僇儞,06-6488-3309,06-6567-8207,660-0806,擈嶈巗嬥妝帥挰俀亅俉亅侾丂,崌帒夛幮傂偲傆偔偟夛,,,,,2009/12/01,,
2769900305,働傾僒乕價僗岤惗朘栤夘岇,06-6481-7100,06-6481-7407,660-0814,擈嶈巗峐悾杮挰俀亅侾俁亅侾丂,桳尷夛幮働傾僒乕價僗岤惗,,,,,2009/09/01,,
2769900685,側偍夘岇,06-6489-2514,06-6489-2515,660-0881,擈嶈巗徍榓捠侾挌栚俀亅係丂,姅幃夛幮丂弔壞,,,,,2012/09/01,,
2769900412,働傾俀侾擈嶈,06-6401-0721,06-6401-6221,660-0892,擈嶈巗搶擄攇挰俆挌栚侾俉斣俉崋丂僪儈乕儖僇僋僞僗擈嶈俀奒,姅幃夛幮丂働傾俀侾,仜,仜,仜,仜,2010/08/01,,
2769900040,働傾僙儞僞乕偲傫傏,06-6420-7933,06-6420-7934,661-0003,擈嶈巗晉徏挰係亅俈亅侾侽亅侾侽侾丂,姅幃夛幮僇僂儞僩,,,,,2008/09/01,,
2769900990,僿儖僷乕僗僥乕僔儑儞俼倀俶仌俼倀俶,06-6424-2669,06-6424-2679,661-0012,擈嶈巗撿捤岥挰侾亅侾侽亅侾俆丂 ,僷儖姅幃夛幮,仜,仜,,仜,2019/11/01,,
2769901071,夘岇僗僥乕僔儑儞丂傒傜偔傞,06-6426-0187,06-6426-0188,661-0012,擈嶈巗撿捤岥挰屲挌栚侾俆斣侾侽崋丂峛搶僾儔僓係侽俁崋,崌摨夛幮儐乕僺乕僨傿働傾,仜,仜,仜,仜,2021/04/01,,
2769900362,儔僽儕乕働傾僗僥乕僔儑儞朘栤夘岇帠嬈強,06-6429-3381,06-6429-3382,661-0022,擈嶈巗旜昹挰俁亅俀係亅侾俁丂,怴擔杮僌儖乕僾姅幃夛幮,,,,,2010/04/01,,
2769901048,擈嶈働傾僗僥乕僔儑儞,06-6421-1050,06-6421-1051,661-0022,擈嶈巗旜昹挰嶰挌栚俀係斣侾俁崋丂 ,姅幃夛幮儔僽儕乕働傾僗僥乕僔儑儞,仜,仜,仜,仜,2020/12/01,,
2769901188,働傾僒乕價僗偁偆傞,06-6421-6667,06-6421-6668,661-0025,擈嶈巗棫壴挰擇挌栚俁斣侾侽崋丂儘儁價儖俁奒係奒,崌摨夛幮傾僂儖,仜,仜,仜,仜,2023/01/01,,
2769901311,朘栤夘岇帠嬈強偡偙傗偐,06-6439-1185,06-6439-1186,661-0025,擈嶈巗棫壴挰巐挌栚俀亅俀侾丂僺乕僗僼儖價儖棫壴俀奒,崌摨夛幮寬傗偐,仜,仜,仜,仜,2025/03/01,,
2769900925,幮夛暉巸朄恖抧堟嫟惗僗儁乕僗傉傝傁,06-6433-2320,06-6433-5560,661-0033,擈嶈巗撿晲屔擵憫廫堦挌栚侾斣俉崋丂 ,幮夛暉巸朄恖抧堟嫟惗僗儁乕僗傉傝傁,仜,仜,,仜,2017/06/01,,
2769901238,朘栤夘岇帠嬈強偒偢側丂晲屔擵憫揦,06-4950-4470,06-4950-4713,661-0033,擈嶈巗撿晲屔擵憫擇挌栚俉斣侾崋丂儖僱晲屔擵憫侾侽俆崋,姅幃夛幮偐傝備偟,仜,仜,仜,仜,2023/08/01,,
2769900081,働傾僗僥乕僔儑儞偪傘乕傝偭傉,06-6433-5300,06-6433-5305,661-0043,擈嶈巗晲屔尦挰侾亅俀俈亅俀丂,桳尷夛幮僷僥傿僱僢僩,,,,,2008/09/01,,
2769900198,働傾乕僘僸儏乕儅儞,06-6491-0212,06-6491-0212,661-0953,擈嶈巗搶墍揷挰俆亅係侾丂,姅幃夛幮丂僜僼傿傾,,,,,2008/09/01,,
2769900032,働傾乕僘僸儏乕儅儞,06-6491-0212,06-6491-0212,661-0953,擈嶈巗搶墍揷挰俆亅係侾丂,姅幃夛幮僜僼傿傾,,,,,2008/09/01,,
2769911195,儖儈僫僗朘栤夘岇帠嬈強,06-6430-9358,06-6430-9378,661-0953,擈嶈巗搶墍揷挰係挌栚侾俆俋亅俀丂儊僝儞僗儕乕僄僀僩墍揷係侽俆崋,姅幃夛幮傾僋儘僒乕僽,仜,仜,仜,仜,2018/03/01,,
2769911377,僿儖僷乕僗僥乕僔儑儞嶩寧,06-4981-2877,06-4981-2877,661-0953,擈嶈巗搶墍揷挰堦挌栚俀侾侾斣抧偺俀丂 ,傒傜偄恀婌崌摨夛幮,仜,仜,仜,仜,2021/10/01,,
2769900834,忈奦暉巸僒乕價僗帠嬈強倝倸,06-6498-4183,06-4960-8711,661-0953,擈嶈巗搶墍揷挰嬨挌栚俁俈斣抧偺侾侽丂 ,摿掕旕塩棙妶摦朄恖傑偄偳偄傫偁傑偑偝偒,仜,仜,仜,仜,2016/03/01,,
2769900446,備偄傑乕傞,06-6498-7009,06-6498-7009,661-0961,擈嶈巗屗僲撪挰俁亅俁侽亅侾俀丂,姅幃夛幮備偄傑乕傞,,,,,2010/12/01,,
2769911500,儕儕乕,080-4491-6509, ,661-0961,擈嶈巗屗僲撪挰擇挌栚係斣俁侽崋丂 ,姅幃夛幮俴倝倢倢倷,仜,仜,仜,仜,2025/01/01,,
2769900339,嫃戭夘岇帠嬈強儘乕僞僗,06-6498-3211,06-6498-3656,661-0962,擈嶈巗妟揷挰侾俀亅侾侾丂,摿掕旕塩棙妶摦朄恖儘乕僞僗夛,,,,,2010/02/01,,
2769911435,朘栤夘岇帠嬈強僸僇儕,06-6415-8276,06-6415-8277,661-0965,擈嶈巗師壆堦挌栚俋斣俁侽崋丂 ,姅幃夛幮俹乫丂俠俷俴俷俼俽,仜,仜,仜,仜,2023/04/01,,
2769900735,僒億乕僩僙儞僞乕偼傑晽,06-6493-8778,06-6493-8778,661-0966,擈嶈巗惣愳擇挌栚俉斣侾係崋丂昹儔僀僼侾俥,崌摨夛幮堦曕,仜,仜,仜,仜,2014/01/01,,
2769901360,暉巸僒乕價僗側偐傑,06-6435-9959,06-6435-9961,661-0974,擈嶈巗庒墹帥嶰挌栚侾係斣侾俈崋丂埉僴僀僣侾侽俁崋幒,姅幃夛幮儀僱僼傿僢僩,仜,仜,仜,仜,2026/06/01,,
2769901105,僿儖僷乕僗僥乕僔儑儞偦傜,06-6415-6113,06-6415-6114,661-0979,擈嶈巗忋嶁晹俀挌栚侾俉亅俀俁丂 ,姅幃夛幮偦傜,仜,仜,仜,仜,2022/03/01,,
2769900560,價傿乕僄僼働傾,0798-20-3730,0798-20-4399,662-0058,惣媨巗拞慜揷挰俆斣係崋丂,桳尷夛幮價傿乕僼傿乕儖僪,,,,,2011/09/01,,
2769900800,僇儕僗働傾僙儞僞乕,0798-39-0014,0798-39-0015,662-0856,惣媨巗忛働杧挰擇挌栚俀侾斣丂僐乕億儔僗忛儢杧俇侽俁崋幒,崌摨夛幮僇儕僗,仜,仜,仜,仜,2015/04/01,,
2769901063,偰偔偰偔,0798-42-8608,0798-42-8609,663-8003,惣媨巗忋戝巗嶰挌栚係斣侾俉崋丂儀儖僩僺傾峛搶墍俀侽俀崋,堦斒幮抍朄恖垽怷夛,仜,仜,仜,仜,2021/01/01,,
2769901097,儖僫弔晽,0798-61-6651,0798-61-6652,663-8021,惣媨巗忋擵挰侾斣俁俀崋丂 ,忋寧崌摨夛幮,仜,仜,仜,仜,2021/08/01,,
2769900784,働傾僗僥乕僔儑儞偡傒傟,0798-78-5590,0798-66-8870,663-8104,惣媨巗揤摴挰侾係斣俇崋丂峛巕墍僼儔僢僩侾侽侾,姅幃夛幮儅儞僕儏儕僇,仜,仜,仜,仜,2015/01/01,,
2769901352,姅幃夛幮丂怱梮摪,080-4200-0676,06-7635-8156,663-8113,惣媨巗峛巕墍岥巐挌栚侾斣俇崋丂儘僀儎儖儊僝儞峛巕墍岥嘪侾侽侾崋幒,姅幃夛幮怱梮摪,仜,仜,仜,仜,2026/04/01,,
2769901261,朘栤夘岇傟傫偘,0798-41-4675,0798-41-4685,663-8136,惣媨巗妢壆挰俀侾斣侾俈崋丂 ,姅幃夛幮傟傫偘,仜,仜,仜,仜,2024/06/01,,
2769900669,暉巸惔怱夛,0798-48-0163,0798-48-0161,663-8164,惣媨巗峛巕墍榋愇挰俆亅俀俋丂,堦斒幮抍朄恖暉巸惔怱夛,,,,,2012/08/01,,
2769900628,儔僀僩働傾姅幃夛幮,0798-46-6511,0798-46-6512,663-8177,惣媨巗峛巕墍幍斣挰俉斣俁偺俀侾俉崋丂,儔僀僩働傾姅幃夛幮,,,,,2012/03/01,,
2769900511,働傾僠乕儉僒僼儔儞,0798-65-5282,0798-65-5153,663-8202,惣媨巗崅徏挰侾俈亅俀丂,桳尷夛幮僒僼儔儞,,,,,2011/07/01,,
2769901154,夘岇僗僥乕僔儑儞傝傫偛,0798-61-1668,0798-61-1693,663-8215,惣媨巗崱捗悈攇挰侾侾亅俀俀丂媣暷暥壔係崋,姅幃夛幮俙倱倱倧們倝倎倲倝倧値,仜,仜,仜,仜,2022/06/01,,
2769901329,岝働傾僗僥乕僔儑儞,072-768-7168,072-768-6778,664-0026,埳扥巗帥杮屲挌栚俁俉斣侾崋丂僼傽儈乕儐懞忋侾侽侾,崌摨夛幮岝棦,仜,仜,仜,仜,2025/11/01,,
2769900982,夘岇僙儞僞乕僔儞僷僔乕,072-747-4115,072-747-8235,664-0843,埳扥巗娾壆侾挌栚俁亅俁侾丂 ,俽倷倣倫倎倲倛倷姅幃夛幮,仜,仜,仜,仜,2019/11/01,,
2769911518,妝変,070-8994-3905, ,664-0881,埳扥巗崺梲擇挌栚侾俇係斣抧偺俉丂儁僨傿儗僕僨儞僗俛侾侽俀,姅幃夛幮偐傜偡,仜,仜,仜,仜,2025/06/01,,
2769900545,僿儖僷乕僗僥乕僔儑儞丒僼傽儈儕乕姅幃夛幮,0797-69-0305,0797-69-0306,665-0002,曮捤巗寧尒嶳俀亅侾侾亅俆丂,僿儖僷乕僗僥乕僔儑儞丒僼傽儈儕乕姅幃夛幮,,,,,2011/08/01,,
2769900388,儅乕儗丒働傾僙儞僞乕,0797-77-3206,0797-77-0029,665-0044,曮捤巗枛惉挰侾俋亅係係丂僌儔儞僨儅乕儗俀侽侾,姅幃夛幮幮俬俴俵俙俼俤,仜,仜,仜,仜,2010/07/01,,
2769911146,朘栤夘岇僗僥乕僔儑儞丂儔僀僼僀僘,0798-54-3555,0798-51-9877,665-0054,曮捤巗幁墫俀挌栚俉亅侾俁丂 ,姅幃夛幮俴倝倖倕丂倝倱,仜,仜,仜,仜,2016/07/01,,
2769901303,偼偁偲,0797-83-0810,0797-84-8140,665-0824,曮捤巗嬥堜挰俀斣俀丂 ,姅幃夛幮垻曕棦,仜,仜,仜,仜,2025/02/01,,
2769901006,姅幃夛幮僩乕僞儖夘岇僒乕價僗傆偨偽,0797-85-7699,0797-85-7699,665-0841,曮捤巗屼揳嶳擇挌栚俁侾斣侾崋丂 ,姅幃夛幮僩乕僞儖夘岇僒乕價僗傆偨偽,仜,仜,仜,仜,2020/02/01,,
2769900818,僴乕儌僯乕働傾僗僥乕僔儑儞,0797-85-3090,0797-85-3091,665-0845,曮捤巗塰挰嶰挌栚侾斣侾俈崋丂僌儕乕儞僄僋僙儖曮捤侾侽侾崋,桳尷夛幮僴乕儌僯乕,仜,仜,仜,仜,2015/05/01,,
2769900024,傂傑傢傝,0797-89-3335,0797-89-3335,665-0873,曮捤巗挿旜挰侾俈亅係丂,崌摨夛幮傂傑傢傝,,,,,2008/09/01,,
2769901279,乽偹偔偡偲乿,079-567-2600,079-506-1237,669-1334,嶰揷巗拞撪恄係俀俈斣抧丂 ,幮夛暉巸朄恖岝梥夛,仜,仜,仜,仜,2024/07/01,,
2769900172,埢愳挰幮夛暉巸嫤媍夛嫃戭夘岇帠嬈強,087-876-4221,087-876-4756,761-2305,埢壧孲埢愳挰戧媨俀俈俇丂,幮夛暉巸朄恖埢愳挰幮夛暉巸嫤媍夛,,,,,2008/09/01,,
2769900180,僿儖僷乕僗僥乕僔儑儞僴乕儌僯乕,089-922-2992,089-922-2990,790-0843,徏嶳巗摴屻挰俀亅侾亅俇塆扟價儖侾俥丂,桳尷夛幮俿俷俵僴乕儌僯乕,,,,,2008/09/01,,
2769900644,僴僗偺幚僿儖僷乗僗僥乗僔儑儞偲傕偵,0776-78-6743,0776-78-6744,910-4103,偁傢傜巗擇柺俉俈亅俀俇亅俀丂,幮夛暉巸朄恖丂僴僗偺幚偺壠,,,,,2012/07/01,,
2769900222,幮夛暉巸朄恖愬戜暉巸僒乕價僗嫤夛惵梩僿儖僷乕僗僥乕僔儑儞,022-728-6120,022-728-6121,980-0801,愬戜巗惵梩嬫栘挰捠俀亅俁亅俀俀丂撪奀價儖俀奒,幮夛暉巸朄恖愬戜暉巸僒乕價僗嫤夛,,,,,2008/09/01,,
